"","A1_v_a","A1_v_b","A2","A3","A4_v_l","A4_v_u","A4_v_y","A5_v_g","A5_v_gg","A5_v_p","A6_v_aa","A6_v_c","A6_v_cc","A6_v_d","A6_v_e","A6_v_ff","A6_v_i","A6_v_j","A6_v_k","A6_v_m","A6_v_q","A6_v_r","A6_v_w","A6_v_x","A7_v_bb","A7_v_dd","A7_v_ff","A7_v_h","A7_v_j","A7_v_n","A7_v_o","A7_v_v","A7_v_z","A8","A9_v_f","A9_v_t","A10_v_f","A10_v_t","A11","A12_v_f","A12_v_t","A13_v_g","A13_v_p","A13_v_s","A14","A15","A16"
"1",0,1,30.83,0,0,1,0,1,0,0,0,0,0,0,0,0,0,0,0,0,0,0,1,0,0,0,0,0,0,0,0,1,0,1.25,0,1,0,1,1,1,0,1,0,0,202,0,"+"
"3",1,0,24.5,0.5,0,1,0,1,0,0,0,0,0,0,0,0,0,0,0,0,1,0,0,0,0,0,0,1,0,0,0,0,0,1.5,0,1,1,0,0,1,0,1,0,0,280,824,"+"
"4",0,1,27.83,1.54,0,1,0,1,0,0,0,0,0,0,0,0,0,0,0,0,0,0,1,0,0,0,0,0,0,0,0,1,0,3.75,0,1,0,1,5,0,1,1,0,0,100,3,"+"
"6",0,1,32.08,4,0,1,0,1,0,0,0,0,0,0,0,0,0,0,0,1,0,0,0,0,0,0,0,0,0,0,0,1,0,2.5,0,1,1,0,0,0,1,1,0,0,360,0,"+"
"7",0,1,33.17,1.04,0,1,0,1,0,0,0,0,0,0,0,0,0,0,0,0,0,1,0,0,0,0,0,1,0,0,0,0,0,6.5,0,1,1,0,0,0,1,1,0,0,164,31285,"+"
"8",1,0,22.92,11.585,0,1,0,1,0,0,0,0,1,0,0,0,0,0,0,0,0,0,0,0,0,0,0,0,0,0,0,1,0,0.04,0,1,1,0,0,1,0,1,0,0,80,1349,"+"
"9",0,1,54.42,0.5,0,0,1,0,0,1,0,0,0,0,0,0,0,0,1,0,0,0,0,0,0,0,0,1,0,0,0,0,0,3.96,0,1,1,0,0,1,0,1,0,0,180,314,"+"
"10",0,1,42.5,4.915,0,0,1,0,0,1,0,0,0,0,0,0,0,0,0,0,0,0,1,0,0,0,0,0,0,0,0,1,0,3.165,0,1,1,0,0,0,1,1,0,0,52,1442,"+"
"11",0,1,22.08,0.83,0,1,0,1,0,0,0,1,0,0,0,0,0,0,0,0,0,0,0,0,0,0,0,1,0,0,0,0,0,2.165,1,0,1,0,0,0,1,1,0,0,128,0,"+"
"12",0,1,29.92,1.835,0,1,0,1,0,0,0,1,0,0,0,0,0,0,0,0,0,0,0,0,0,0,0,1,0,0,0,0,0,4.335,0,1,1,0,0,1,0,1,0,0,260,200,"+"
"13",1,0,38.25,6,0,1,0,1,0,0,0,0,0,0,0,0,0,0,1,0,0,0,0,0,0,0,0,0,0,0,0,1,0,1,0,1,1,0,0,0,1,1,0,0,0,0,"+"
"16",0,1,36.67,4.415,0,0,1,0,0,1,0,0,0,0,0,0,0,0,1,0,0,0,0,0,0,0,0,0,0,0,0,1,0,0.25,0,1,0,1,10,0,1,1,0,0,320,0,"+"
"17",0,1,28.25,0.875,0,1,0,1,0,0,0,0,0,0,0,0,0,0,0,1,0,0,0,0,0,0,0,0,0,0,0,1,0,0.96,0,1,0,1,3,0,1,1,0,0,396,0,"+"
"18",1,0,23.25,5.875,0,1,0,1,0,0,0,0,0,0,0,0,0,0,0,0,1,0,0,0,0,0,0,0,0,0,0,1,0,3.17,0,1,0,1,10,1,0,1,0,0,120,245,"+"
"19",0,1,21.83,0.25,0,1,0,1,0,0,0,0,0,1,0,0,0,0,0,0,0,0,0,0,0,0,0,1,0,0,0,0,0,0.665,0,1,1,0,0,0,1,1,0,0,0,0,"+"
"22",0,1,23.25,1,0,1,0,1,0,0,0,1,0,0,0,0,0,0,0,0,0,0,0,0,0,0,0,0,0,0,0,1,0,0.835,0,1,1,0,0,1,0,0,0,1,300,0,"+"
"23",1,0,47.75,8,0,1,0,1,0,0,0,1,0,0,0,0,0,0,0,0,0,0,0,0,0,0,0,0,0,0,0,1,0,7.875,0,1,0,1,6,0,1,1,0,0,0,1260,"+"
"24",1,0,27.42,14.5,0,1,0,1,0,0,0,0,0,0,0,0,0,0,0,0,0,0,0,1,0,0,0,1,0,0,0,0,0,3.085,0,1,0,1,1,1,0,1,0,0,120,11,"+"
"26",1,0,15.83,0.585,0,1,0,1,0,0,0,1,0,0,0,0,0,0,0,0,0,0,0,0,0,0,0,1,0,0,0,0,0,1.5,0,1,0,1,2,1,0,1,0,0,100,0,"+"
"27",1,0,47,13,0,1,0,1,0,0,0,0,0,0,0,0,1,0,0,0,0,0,0,0,1,0,0,0,0,0,0,0,0,5.165,0,1,0,1,9,0,1,1,0,0,0,0,"+"
"29",0,1,57.42,8.5,0,1,0,1,0,0,0,0,0,0,1,0,0,0,0,0,0,0,0,0,0,0,0,1,0,0,0,0,0,7,0,1,0,1,3,1,0,1,0,0,0,0,"+"
"30",0,1,42.08,1.04,0,1,0,1,0,0,0,0,0,0,0,0,0,0,0,0,0,0,1,0,0,0,0,0,0,0,0,1,0,5,0,1,0,1,6,0,1,1,0,0,500,10000,"+"
"32",0,1,42,9.79,0,1,0,1,0,0,0,0,0,0,0,0,0,0,0,0,0,0,0,1,0,0,0,1,0,0,0,0,0,7.96,0,1,0,1,8,1,0,1,0,0,0,0,"+"
"33",0,1,49.5,7.585,0,1,0,1,0,0,0,0,0,0,0,0,1,0,0,0,0,0,0,0,1,0,0,0,0,0,0,0,0,7.585,0,1,0,1,15,0,1,1,0,0,0,5000,"+"
"34",1,0,36.75,5.125,0,1,0,1,0,0,0,0,0,0,1,0,0,0,0,0,0,0,0,0,0,0,0,0,0,0,0,1,0,5,0,1,1,0,0,0,1,1,0,0,0,4000,"+"
"35",1,0,22.58,10.75,0,1,0,1,0,0,0,0,0,0,0,0,0,0,0,0,1,0,0,0,0,0,0,0,0,0,0,1,0,0.415,0,1,0,1,5,0,1,1,0,0,0,560,"+"
"37",0,1,27.25,1.585,0,1,0,1,0,0,0,0,1,0,0,0,0,0,0,0,0,0,0,0,0,0,0,1,0,0,0,0,0,1.835,0,1,0,1,12,0,1,1,0,0,583,713,"+"
"39",0,1,27.75,0.585,0,0,1,0,0,1,0,0,1,0,0,0,0,0,0,0,0,0,0,0,0,0,0,0,0,0,0,1,0,0.25,0,1,0,1,2,1,0,1,0,0,260,500,"+"
"40",0,1,54.58,9.415,0,1,0,1,0,0,0,0,0,0,0,1,0,0,0,0,0,0,0,0,0,0,1,0,0,0,0,0,0,14.415,0,1,0,1,11,0,1,1,0,0,30,300,"+"
"41",0,1,34.17,9.17,0,1,0,1,0,0,0,1,0,0,0,0,0,0,0,0,0,0,0,0,0,0,0,0,0,0,0,1,0,4.5,0,1,0,1,12,0,1,1,0,0,0,221,"+"
"42",0,1,28.92,15,0,1,0,1,0,0,0,1,0,0,0,0,0,0,0,0,0,0,0,0,0,0,0,1,0,0,0,0,0,5.335,0,1,0,1,11,1,0,1,0,0,0,2283,"+"
"44",0,1,39.58,13.915,0,1,0,1,0,0,0,0,0,0,0,0,0,0,0,0,0,0,1,0,0,0,0,0,0,0,0,1,0,8.625,0,1,0,1,6,0,1,1,0,0,70,0,"+"
"45",0,1,56.42,28,0,0,1,0,0,1,0,1,0,0,0,0,0,0,0,0,0,0,0,0,0,0,0,0,0,0,0,1,0,28.5,0,1,0,1,40,1,0,1,0,0,0,15,"+"
"48",0,1,31.92,4.46,0,1,0,1,0,0,0,0,1,0,0,0,0,0,0,0,0,0,0,0,0,0,0,1,0,0,0,0,0,6.04,0,1,0,1,3,1,0,1,0,0,311,300,"+"
"50",0,1,23.92,0.665,0,1,0,1,0,0,0,1,0,0,0,0,0,0,0,0,0,0,0,0,0,0,0,0,0,0,0,1,0,0.165,1,0,1,0,0,1,0,1,0,0,100,0,"+"
"51",1,0,25.75,0.5,0,1,0,1,0,0,0,1,0,0,0,0,0,0,0,0,0,0,0,0,0,0,0,1,0,0,0,0,0,0.875,0,1,1,0,0,0,1,1,0,0,491,0,"+"
"53",0,1,37.42,2.04,0,1,0,1,0,0,0,0,0,0,0,0,0,0,0,0,0,0,1,0,0,0,0,0,0,0,0,1,0,0.04,0,1,1,0,0,0,1,1,0,0,400,5800,"+"
"54",0,1,34.92,2.5,0,1,0,1,0,0,0,0,0,0,0,0,0,0,0,0,0,0,1,0,0,0,0,0,0,0,0,1,0,0,0,1,1,0,0,0,1,1,0,0,239,200,"+"
"56",0,1,23.33,11.625,0,0,1,0,0,1,0,0,0,0,0,0,0,0,0,0,0,0,1,0,0,0,0,0,0,0,0,1,0,0.835,0,1,1,0,0,0,1,1,0,0,160,300,"+"
"57",0,1,23.17,0,0,1,0,1,0,0,0,0,1,0,0,0,0,0,0,0,0,0,0,0,0,0,0,0,0,0,0,1,0,0.085,0,1,1,0,0,1,0,1,0,0,0,0,"+"
"58",0,1,44.33,0.5,0,1,0,1,0,0,0,0,0,0,0,0,1,0,0,0,0,0,0,0,0,0,0,1,0,0,0,0,0,5,0,1,1,0,0,0,1,1,0,0,320,0,"+"
"59",0,1,35.17,4.5,0,1,0,1,0,0,0,0,0,0,0,0,0,0,0,0,0,0,0,1,0,0,0,1,0,0,0,0,0,5.75,1,0,1,0,0,0,1,0,0,1,711,0,"+"
"60",0,1,43.25,3,0,1,0,1,0,0,0,0,0,0,0,0,0,0,0,0,1,0,0,0,0,0,0,1,0,0,0,0,0,6,0,1,0,1,11,1,0,1,0,0,80,0,"+"
"61",0,1,56.75,12.25,0,1,0,1,0,0,0,0,0,0,0,0,0,0,0,1,0,0,0,0,0,0,0,0,0,0,0,1,0,1.25,0,1,0,1,4,0,1,1,0,0,200,0,"+"
"62",0,1,31.67,16.165,0,1,0,1,0,0,0,0,0,1,0,0,0,0,0,0,0,0,0,0,0,0,0,0,0,0,0,1,0,3,0,1,0,1,9,1,0,1,0,0,250,730,"+"
"64",1,0,20.42,0.835,0,1,0,1,0,0,0,0,0,0,0,0,0,0,0,0,1,0,0,0,0,0,0,0,0,0,0,1,0,1.585,0,1,0,1,1,1,0,1,0,0,0,0,"+"
"65",0,1,26.67,4.25,0,1,0,1,0,0,0,0,1,0,0,0,0,0,0,0,0,0,0,0,0,0,0,0,0,0,0,1,0,4.29,0,1,0,1,1,0,1,1,0,0,120,0,"+"
"66",0,1,34.17,1.54,0,1,0,1,0,0,0,0,1,0,0,0,0,0,0,0,0,0,0,0,0,0,0,0,0,0,0,1,0,1.54,0,1,0,1,1,0,1,1,0,0,520,50000,"+"
"67",1,0,36,1,0,1,0,1,0,0,0,1,0,0,0,0,0,0,0,0,0,0,0,0,0,0,0,0,0,0,0,1,0,2,0,1,0,1,11,1,0,1,0,0,0,456,"+"
"69",0,1,19.42,6.5,0,1,0,1,0,0,0,0,0,0,0,0,0,0,0,0,0,0,1,0,0,0,0,1,0,0,0,0,0,1.46,0,1,0,1,7,1,0,1,0,0,80,2954,"+"
"70",0,1,35.17,25.125,0,1,0,1,0,0,0,0,0,0,0,0,0,0,0,0,0,0,0,1,0,0,0,1,0,0,0,0,0,1.625,0,1,0,1,1,0,1,1,0,0,515,500,"+"
"71",0,1,32.33,7.5,0,1,0,1,0,0,0,0,0,0,1,0,0,0,0,0,0,0,0,0,1,0,0,0,0,0,0,0,0,1.585,0,1,1,0,0,0,1,0,0,1,420,0,"-"
"72",0,1,34.83,4,0,1,0,1,0,0,0,0,0,1,0,0,0,0,0,0,0,0,0,0,1,0,0,0,0,0,0,0,0,12.5,0,1,1,0,0,0,1,1,0,0,184.014771048744,0,"-"
"73",1,0,38.58,5,0,1,0,1,0,0,0,0,1,0,0,0,0,0,0,0,0,0,0,0,0,0,0,0,0,0,0,1,0,13.5,0,1,1,0,0,0,1,1,0,0,980,0,"-"
"75",0,1,44.83,7,0,0,1,0,0,1,0,1,0,0,0,0,0,0,0,0,0,0,0,0,0,0,0,0,0,0,0,1,0,1.625,1,0,1,0,0,1,0,1,0,0,160,2,"-"
"76",0,1,20.67,5.29,0,1,0,1,0,0,0,0,0,0,0,0,0,0,0,0,1,0,0,0,0,0,0,0,0,0,0,1,0,0.375,0,1,0,1,1,1,0,1,0,0,160,0,"-"
"77",0,1,34.08,6.5,0,1,0,1,0,0,1,0,0,0,0,0,0,0,0,0,0,0,0,0,0,0,0,0,0,0,0,1,0,0.125,0,1,1,0,0,0,1,1,0,0,443,0,"-"
"78",1,0,19.17,0.585,0,0,1,0,0,1,1,0,0,0,0,0,0,0,0,0,0,0,0,0,0,0,0,0,0,0,0,1,0,0.585,0,1,1,0,0,0,1,1,0,0,160,0,"-"
"79",0,1,21.67,1.165,0,0,1,0,0,1,0,0,0,0,0,0,0,0,1,0,0,0,0,0,0,0,0,0,0,0,0,1,0,2.5,0,1,0,1,1,1,0,1,0,0,180,20,"-"
"81",0,1,49.58,19,0,1,0,1,0,0,0,0,0,0,0,1,0,0,0,0,0,0,0,0,0,0,1,0,0,0,0,0,0,0,0,1,0,1,1,1,0,1,0,0,94,0,"-"
"82",1,0,27.67,1.5,0,1,0,1,0,0,0,0,0,0,0,0,0,0,0,1,0,0,0,0,0,0,0,0,0,0,0,1,0,2,0,1,1,0,0,1,0,0,0,1,368,0,"-"
"83",0,1,39.83,0.5,0,1,0,1,0,0,0,0,0,0,0,0,0,0,0,1,0,0,0,0,0,0,0,0,0,0,0,1,0,0.25,0,1,1,0,0,1,0,0,0,1,288,0,"-"
"86",0,1,37.17,4,0,1,0,1,0,0,0,1,0,0,0,0,0,0,0,0,0,0,0,0,1,0,0,0,0,0,0,0,0,5,0,1,1,0,0,0,1,0,0,1,280,0,"-"
"87",0,1,31.5681710914454,0.375,0,1,0,1,0,0,0,0,0,1,0,0,0,0,0,0,0,0,0,0,0,0,0,0,0,0,0,1,0,0.875,0,1,1,0,0,0,1,0,0,1,928,0,"-"
"88",0,1,25.67,2.21,0,0,1,0,0,1,1,0,0,0,0,0,0,0,0,0,0,0,0,0,0,0,0,0,0,0,0,1,0,4,0,1,1,0,0,1,0,1,0,0,188,0,"-"
"90",1,0,49,1.5,0,1,0,1,0,0,0,0,0,0,0,0,0,1,0,0,0,0,0,0,0,0,0,0,1,0,0,0,0,0,0,1,1,0,0,0,1,1,0,0,100,27,"-"
"91",0,1,62.5,12.75,0,0,1,0,0,1,0,1,0,0,0,0,0,0,0,0,0,0,0,0,0,0,0,1,0,0,0,0,0,5,0,1,1,0,0,1,0,1,0,0,112,0,"-"
"92",0,1,31.42,15.5,0,1,0,1,0,0,0,1,0,0,0,0,0,0,0,0,0,0,0,0,0,0,0,0,0,0,0,1,0,0.5,0,1,1,0,0,1,0,1,0,0,120,0,"-"
"93",0,1,31.5681710914454,5,0,0,1,0,0,1,1,0,0,0,0,0,0,0,0,0,0,0,0,0,0,0,0,0,0,0,0,1,0,8.5,0,1,1,0,0,1,0,1,0,0,0,0,"-"
"94",0,1,52.33,1.375,0,0,1,0,0,1,0,1,0,0,0,0,0,0,0,0,0,0,0,0,0,0,0,1,0,0,0,0,0,9.46,0,1,1,0,0,0,1,1,0,0,200,100,"-"
"95",0,1,28.75,1.5,0,0,1,0,0,1,0,1,0,0,0,0,0,0,0,0,0,0,0,0,0,0,0,0,0,0,0,1,0,1.5,0,1,1,0,0,0,1,1,0,0,0,225,"-"
"96",1,0,28.58,3.54,0,1,0,1,0,0,0,0,0,0,0,0,1,0,0,0,0,0,0,0,1,0,0,0,0,0,0,0,0,0.5,0,1,1,0,0,0,1,1,0,0,171,0,"-"
"97",0,1,23,0.625,0,0,1,0,0,1,1,0,0,0,0,0,0,0,0,0,0,0,0,0,0,0,0,0,0,0,0,1,0,0.125,0,1,1,0,0,1,0,1,0,0,180,1,"-"
"98",0,1,31.5681710914454,0.5,0,1,0,1,0,0,0,1,0,0,0,0,0,0,0,0,0,0,0,0,1,0,0,0,0,0,0,0,0,0.835,0,1,1,0,0,0,1,0,0,1,320,0,"-"
"99",1,0,22.5,11,0,0,1,0,0,1,0,0,0,0,0,0,0,0,0,0,1,0,0,0,0,0,0,0,0,0,0,1,0,3,0,1,1,0,0,0,1,1,0,0,268,0,"-"
"100",1,0,28.5,1,0,1,0,1,0,0,0,0,0,0,0,0,0,0,0,0,1,0,0,0,0,0,0,0,0,0,0,1,0,1,0,1,0,1,2,0,1,1,0,0,167,500,"-"
"101",0,1,37.5,1.75,0,0,1,0,0,1,0,1,0,0,0,0,0,0,0,0,0,0,0,0,1,0,0,0,0,0,0,0,0,0.25,0,1,1,0,0,0,1,1,0,0,164,400,"-"
"102",0,1,35.25,16.5,0,0,1,0,0,1,0,1,0,0,0,0,0,0,0,0,0,0,0,0,0,0,0,0,0,0,0,1,0,4,0,1,1,0,0,1,0,1,0,0,80,0,"-"
"103",0,1,18.67,5,0,1,0,1,0,0,0,0,0,0,0,0,0,0,0,0,1,0,0,0,0,0,0,0,0,0,0,1,0,0.375,0,1,0,1,2,1,0,1,0,0,0,38,"-"
"104",0,1,25,12,0,1,0,1,0,0,0,0,0,0,0,0,0,0,1,0,0,0,0,0,0,0,0,0,0,0,0,1,0,2.25,0,1,0,1,2,0,1,1,0,0,120,5,"-"
"105",0,1,27.83,4,0,0,1,0,0,1,0,0,0,0,0,0,1,0,0,0,0,0,0,0,0,0,0,1,0,0,0,0,0,5.75,0,1,0,1,2,0,1,1,0,0,75,0,"-"
"106",0,1,54.83,15.5,0,1,0,1,0,0,0,0,0,0,1,0,0,0,0,0,0,0,0,0,0,0,0,0,0,0,0,0,1,0,0,1,0,1,20,1,0,1,0,0,152,130,"-"
"107",0,1,28.75,1.165,0,1,0,1,0,0,0,0,0,0,0,0,0,0,1,0,0,0,0,0,0,0,0,0,0,0,0,1,0,0.5,0,1,1,0,0,1,0,0,0,1,280,0,"-"
"109",0,1,40.92,2.25,0,0,1,0,0,1,0,0,0,0,0,0,0,0,0,0,0,0,0,1,0,0,0,1,0,0,0,0,0,10,0,1,1,0,0,0,1,1,0,0,176,0,"-"
"110",1,0,19.75,0.75,0,1,0,1,0,0,0,1,0,0,0,0,0,0,0,0,0,0,0,0,0,0,0,0,0,0,0,1,0,0.795,0,1,0,1,5,0,1,1,0,0,140,5,"-"
"111",0,1,29.17,3.5,0,1,0,1,0,0,0,0,0,0,0,0,0,0,0,0,0,0,1,0,0,0,0,0,0,0,0,1,0,3.5,0,1,0,1,3,0,1,1,0,0,329,0,"-"
"113",0,1,24.58,12.5,0,1,0,1,0,0,0,0,0,0,0,0,0,0,0,0,0,0,1,0,0,0,0,0,0,0,0,1,0,0.875,0,1,1,0,0,0,1,1,0,0,260,0,"-"
"114",1,0,33.75,0.75,0,1,0,1,0,0,0,0,0,0,0,0,0,0,1,0,0,0,0,0,1,0,0,0,0,0,0,0,0,1,0,1,0,1,3,0,1,1,0,0,212,0,"-"
"115",0,1,20.67,1.25,0,0,1,0,0,1,0,1,0,0,0,0,0,0,0,0,0,0,0,0,0,0,0,1,0,0,0,0,0,1.375,0,1,0,1,3,0,1,1,0,0,140,210,"-"
"117",0,1,37.75,7,0,1,0,1,0,0,0,0,0,0,0,0,0,0,0,0,1,0,0,0,0,0,0,1,0,0,0,0,0,11.5,0,1,0,1,7,0,1,1,0,0,300,5,"-"
"118",0,1,52.5,6.5,0,1,0,1,0,0,0,0,0,0,0,0,0,0,1,0,0,0,0,0,0,0,0,0,0,0,0,1,0,6.29,0,1,0,1,15,1,0,1,0,0,0,11202,"+"
"120",1,0,20.75,10.335,0,1,0,1,0,0,0,0,1,0,0,0,0,0,0,0,0,0,0,0,0,0,0,1,0,0,0,0,0,0.335,0,1,0,1,1,0,1,1,0,0,80,50,"+"
"121",0,1,39.92,6.21,0,1,0,1,0,0,0,0,0,0,0,0,0,0,0,0,1,0,0,0,0,0,0,0,0,0,0,1,0,0.04,0,1,0,1,1,1,0,1,0,0,200,300,"+"
"122",0,1,25.67,12.5,0,1,0,1,0,0,0,0,1,0,0,0,0,0,0,0,0,0,0,0,0,0,0,0,0,0,0,1,0,1.21,0,1,0,1,67,0,1,1,0,0,140,258,"+"
"124",1,0,44.17,6.665,0,1,0,1,0,0,0,0,0,0,0,0,0,0,0,0,1,0,0,0,0,0,0,0,0,0,0,1,0,7.375,0,1,0,1,3,0,1,1,0,0,0,0,"+"
"125",1,0,23.5,9,0,1,0,1,0,0,0,0,0,0,0,0,0,0,0,0,1,0,0,0,0,0,0,0,0,0,0,1,0,8.5,0,1,0,1,5,0,1,1,0,0,120,0,"+"
"127",0,1,47.67,2.5,0,1,0,1,0,0,0,0,0,0,0,0,0,0,0,1,0,0,0,0,1,0,0,0,0,0,0,0,0,2.5,0,1,0,1,12,0,1,1,0,0,410,2510,"+"
"128",0,1,22.75,11,0,1,0,1,0,0,0,0,0,0,0,0,0,0,0,0,1,0,0,0,0,0,0,0,0,0,0,1,0,2.5,0,1,0,1,7,0,1,1,0,0,100,809,"+"
"129",0,1,34.42,4.25,0,1,0,1,0,0,0,0,0,0,0,0,1,0,0,0,0,0,0,0,1,0,0,0,0,0,0,0,0,3.25,0,1,0,1,2,1,0,1,0,0,274,610,"+"
"130",1,0,28.42,3.5,0,1,0,1,0,0,0,0,0,0,0,0,0,0,0,0,0,0,1,0,0,0,0,0,0,0,0,1,0,0.835,0,1,1,0,0,1,0,0,0,1,280,0,"+"
"132",0,1,20.42,1.835,0,1,0,1,0,0,0,1,0,0,0,0,0,0,0,0,0,0,0,0,0,0,0,0,0,0,0,1,0,2.25,0,1,0,1,1,1,0,1,0,0,100,150,"+"
"133",1,0,47.42,8,0,1,0,1,0,0,0,0,0,0,1,0,0,0,0,0,0,0,0,0,1,0,0,0,0,0,0,0,0,6.5,0,1,0,1,6,1,0,1,0,0,375,51100,"+"
"134",0,1,36.25,5,0,1,0,1,0,0,0,1,0,0,0,0,0,0,0,0,0,0,0,0,1,0,0,0,0,0,0,0,0,2.5,0,1,0,1,6,1,0,1,0,0,0,367,"+"
"135",0,1,32.67,5.5,0,1,0,1,0,0,0,0,0,0,0,0,0,0,0,0,1,0,0,0,0,0,0,1,0,0,0,0,0,5.5,0,1,0,1,12,0,1,1,0,0,408,1000,"+"
"136",0,1,48.58,6.5,0,1,0,1,0,0,0,0,0,0,0,0,0,0,0,0,1,0,0,0,0,0,0,1,0,0,0,0,0,6,0,1,1,0,0,0,1,1,0,0,350,0,"+"
"137",0,1,39.92,0.54,0,0,1,0,0,1,1,0,0,0,0,0,0,0,0,0,0,0,0,0,0,0,0,0,0,0,0,1,0,0.5,0,1,0,1,3,1,0,1,0,0,200,1000,"+"
"138",0,1,33.58,2.75,0,1,0,1,0,0,0,0,0,0,0,0,0,0,0,1,0,0,0,0,0,0,0,0,0,0,0,1,0,4.25,0,1,0,1,6,1,0,1,0,0,204,0,"+"
"139",1,0,18.83,9.5,0,1,0,1,0,0,0,0,0,0,0,0,0,0,0,0,0,0,1,0,0,0,0,0,0,0,0,1,0,1.625,0,1,0,1,6,0,1,1,0,0,40,600,"+"
"140",1,0,26.92,13.5,0,1,0,1,0,0,0,0,0,0,0,0,0,0,0,0,1,0,0,0,0,0,0,1,0,0,0,0,0,5,0,1,0,1,2,1,0,1,0,0,0,5000,"+"
"141",1,0,31.25,3.75,0,1,0,1,0,0,0,0,1,0,0,0,0,0,0,0,0,0,0,0,0,0,0,1,0,0,0,0,0,0.625,0,1,0,1,9,0,1,1,0,0,181,0,"+"
"142",1,0,56.5,16,0,1,0,1,0,0,0,0,0,0,0,0,0,1,0,0,0,0,0,0,0,0,1,0,0,0,0,0,0,0,0,1,0,1,15,1,0,1,0,0,0,247,"+"
"143",0,1,43,0.29,0,0,1,0,0,1,0,0,1,0,0,0,0,0,0,0,0,0,0,0,0,0,0,1,0,0,0,0,0,1.75,0,1,0,1,8,1,0,1,0,0,100,375,"+"
"144",0,1,22.33,11,0,1,0,1,0,0,0,0,0,0,0,0,0,0,0,0,0,0,1,0,0,0,0,0,0,0,0,1,0,2,0,1,0,1,1,1,0,1,0,0,80,278,"+"
"145",0,1,27.25,1.665,0,1,0,1,0,0,0,0,1,0,0,0,0,0,0,0,0,0,0,0,0,0,0,1,0,0,0,0,0,5.085,0,1,0,1,9,1,0,1,0,0,399,827,"+"
"146",0,1,32.83,2.5,0,1,0,1,0,0,0,0,1,0,0,0,0,0,0,0,0,0,0,0,0,0,0,1,0,0,0,0,0,2.75,0,1,0,1,6,1,0,1,0,0,160,2072,"+"
"147",0,1,23.25,1.5,0,1,0,1,0,0,0,0,0,0,0,0,0,0,0,0,1,0,0,0,0,0,0,0,0,0,0,1,0,2.375,0,1,0,1,3,0,1,1,0,0,0,582,"+"
"148",1,0,40.33,7.54,0,0,1,0,0,1,0,0,0,0,0,0,0,0,0,0,1,0,0,0,0,0,0,1,0,0,0,0,0,8,0,1,0,1,14,1,0,1,0,0,0,2300,"+"
"149",1,0,30.5,6.5,0,1,0,1,0,0,0,1,0,0,0,0,0,0,0,0,0,0,0,0,1,0,0,0,0,0,0,0,0,4,0,1,0,1,7,0,1,1,0,0,0,3065,"+"
"150",1,0,52.83,15,0,1,0,1,0,0,0,1,0,0,0,0,0,0,0,0,0,0,0,0,0,0,0,0,0,0,0,1,0,5.5,0,1,0,1,14,1,0,1,0,0,0,2200,"+"
"151",1,0,46.67,0.46,0,1,0,1,0,0,0,0,1,0,0,0,0,0,0,0,0,0,0,0,0,0,0,1,0,0,0,0,0,0.415,0,1,0,1,11,0,1,1,0,0,440,6,"+"
"152",1,0,58.33,10,0,1,0,1,0,0,0,0,0,0,0,0,0,0,0,0,1,0,0,0,0,0,0,0,0,0,0,1,0,4,0,1,0,1,14,1,0,1,0,0,0,1602,"+"
"153",0,1,37.33,6.5,0,1,0,1,0,0,0,0,0,0,0,0,0,0,0,1,0,0,0,0,0,0,0,1,0,0,0,0,0,4.25,0,1,0,1,12,0,1,1,0,0,93,0,"+"
"154",0,1,23.08,2.5,0,1,0,1,0,0,0,1,0,0,0,0,0,0,0,0,0,0,0,0,0,0,0,0,0,0,0,1,0,1.085,0,1,0,1,11,0,1,1,0,0,60,2184,"+"
"155",0,1,32.75,1.5,0,1,0,1,0,0,0,0,1,0,0,0,0,0,0,0,0,0,0,0,0,0,0,1,0,0,0,0,0,5.5,0,1,0,1,3,0,1,1,0,0,0,0,"+"
"156",1,0,21.67,11.5,0,0,1,0,0,1,0,0,0,0,0,0,0,1,0,0,0,0,0,0,0,0,0,0,1,0,0,0,0,0,0,1,0,1,11,0,1,1,0,0,0,0,"+"
"157",1,0,28.5,3.04,0,0,1,0,0,1,0,0,0,0,0,0,0,0,0,0,0,0,0,1,0,0,0,1,0,0,0,0,0,2.54,0,1,0,1,1,1,0,1,0,0,70,0,"+"
"158",1,0,68.67,15,0,1,0,1,0,0,0,0,0,0,1,0,0,0,0,0,0,0,0,0,0,0,0,0,0,0,0,0,1,0,0,1,0,1,14,1,0,1,0,0,0,3376,"+"
"159",0,1,28,2,0,1,0,1,0,0,0,0,0,0,0,0,0,0,1,0,0,0,0,0,0,0,0,1,0,0,0,0,0,4.165,0,1,0,1,2,0,1,1,0,0,181,0,"+"
"160",0,1,34.08,0.08,0,0,1,0,0,1,0,0,0,0,0,0,0,0,0,1,0,0,0,0,1,0,0,0,0,0,0,0,0,0.04,0,1,0,1,1,0,1,1,0,0,280,2000,"+"
"161",0,1,27.67,2,0,1,0,1,0,0,0,0,0,0,0,0,0,0,0,0,0,0,0,1,0,0,0,1,0,0,0,0,0,1,0,1,0,1,4,1,0,1,0,0,140,7544,"+"
"162",0,1,44,2,0,1,0,1,0,0,0,0,0,0,0,0,0,0,0,1,0,0,0,0,0,0,0,0,0,0,0,1,0,1.75,0,1,0,1,2,0,1,1,0,0,0,15,"+"
"163",0,1,25.08,1.71,0,1,0,1,0,0,0,0,0,0,0,0,0,0,0,0,0,0,0,1,0,0,0,0,0,0,0,1,0,1.665,0,1,0,1,1,0,1,1,0,0,395,20,"+"
"164",0,1,32,1.75,0,0,1,0,0,1,0,0,0,0,1,0,0,0,0,0,0,0,0,0,0,0,0,1,0,0,0,0,0,0.04,0,1,1,0,0,0,1,1,0,0,393,0,"+"
"167",0,1,19.33,9.5,0,1,0,1,0,0,0,0,0,0,0,0,0,0,0,0,1,0,0,0,0,0,0,0,0,0,0,1,0,1,0,1,1,0,0,0,1,1,0,0,60,400,"+"
"169",0,1,36.67,3.25,0,1,0,1,0,0,0,0,0,0,0,0,0,0,0,0,1,0,0,0,0,0,0,1,0,0,0,0,0,9,0,1,1,0,0,0,1,1,0,0,102,639,"+"
"170",0,1,37.5,1.125,0,0,1,0,0,1,0,0,0,1,0,0,0,0,0,0,0,0,0,0,0,0,0,0,0,0,0,1,0,1.5,1,0,1,0,0,0,1,1,0,0,431,0,"+"
"172",0,1,41.33,0,0,1,0,1,0,0,0,1,0,0,0,0,0,0,0,0,0,0,0,0,1,0,0,0,0,0,0,0,0,15,0,1,1,0,0,1,0,1,0,0,0,0,"+"
"173",0,1,56,12.5,0,1,0,1,0,0,0,0,0,0,0,0,0,0,1,0,0,0,0,0,0,0,0,1,0,0,0,0,0,8,0,1,1,0,0,0,1,1,0,0,24,2028,"+"
"174",1,0,49.83,13.585,0,1,0,1,0,0,0,0,0,0,0,0,0,0,1,0,0,0,0,0,0,0,0,1,0,0,0,0,0,8.5,0,1,1,0,0,0,1,1,0,0,0,0,"+"
"175",0,1,22.67,10.5,0,1,0,1,0,0,0,0,0,0,0,0,0,0,0,0,1,0,0,0,0,0,0,1,0,0,0,0,0,1.335,0,1,1,0,0,1,0,1,0,0,100,0,"+"
"178",1,0,26.08,8.665,0,1,0,1,0,0,1,0,0,0,0,0,0,0,0,0,0,0,0,0,0,0,0,0,0,0,0,1,0,1.415,0,1,1,0,0,1,0,1,0,0,160,150,"+"
"179",1,0,18.42,9.25,0,1,0,1,0,0,0,0,0,0,0,0,0,0,0,0,1,0,0,0,0,0,0,0,0,0,0,1,0,1.21,0,1,0,1,4,1,0,1,0,0,60,540,"+"
"180",0,1,20.17,8.17,0,1,0,1,0,0,1,0,0,0,0,0,0,0,0,0,0,0,0,0,0,0,0,0,0,0,0,1,0,1.96,0,1,0,1,14,1,0,1,0,0,60,158,"+"
"181",0,1,47.67,0.29,0,1,0,1,0,0,0,1,0,0,0,0,0,0,0,0,0,0,0,0,1,0,0,0,0,0,0,0,0,15,0,1,0,1,20,1,0,1,0,0,0,15000,"+"
"182",1,0,21.25,2.335,0,1,0,1,0,0,0,0,0,0,0,0,1,0,0,0,0,0,0,0,1,0,0,0,0,0,0,0,0,0.5,0,1,0,1,4,1,0,0,0,1,80,0,"+"
"183",1,0,20.67,3,0,1,0,1,0,0,0,0,0,0,0,0,0,0,0,0,1,0,0,0,0,0,0,0,0,0,0,1,0,0.165,0,1,0,1,3,1,0,1,0,0,100,6,"+"
"184",1,0,57.08,19.5,0,1,0,1,0,0,0,1,0,0,0,0,0,0,0,0,0,0,0,0,0,0,0,0,0,0,0,1,0,5.5,0,1,0,1,7,1,0,1,0,0,0,3000,"+"
"185",1,0,22.42,5.665,0,1,0,1,0,0,0,0,0,0,0,0,0,0,0,0,1,0,0,0,0,0,0,0,0,0,0,1,0,2.585,0,1,0,1,7,1,0,1,0,0,129,3257,"+"
"186",0,1,48.75,8.5,0,1,0,1,0,0,0,1,0,0,0,0,0,0,0,0,0,0,0,0,0,0,0,1,0,0,0,0,0,12.5,0,1,0,1,9,1,0,1,0,0,181,1655,"+"
"187",0,1,40,6.5,0,1,0,1,0,0,1,0,0,0,0,0,0,0,0,0,0,0,0,0,1,0,0,0,0,0,0,0,0,3.5,0,1,0,1,1,1,0,1,0,0,0,500,"+"
"188",0,1,40.58,5,0,1,0,1,0,0,0,1,0,0,0,0,0,0,0,0,0,0,0,0,0,0,0,0,0,0,0,1,0,5,0,1,0,1,7,1,0,1,0,0,0,3065,"+"
"189",1,0,28.67,1.04,0,1,0,1,0,0,0,1,0,0,0,0,0,0,0,0,0,0,0,0,0,0,0,0,0,0,0,1,0,2.5,0,1,0,1,5,0,1,1,0,0,300,1430,"+"
"190",1,0,33.08,4.625,0,1,0,1,0,0,0,0,0,0,0,0,0,0,0,0,1,0,0,0,0,0,0,1,0,0,0,0,0,1.625,0,1,0,1,2,1,0,1,0,0,0,0,"+"
"193",0,1,41.75,0.96,0,1,0,1,0,0,0,0,0,0,0,0,0,0,0,0,0,0,0,1,0,0,0,0,0,0,0,1,0,2.5,0,1,1,0,0,1,0,1,0,0,510,600,"+"
"194",0,1,22.67,1.585,0,0,1,0,0,1,0,0,0,0,0,0,0,0,0,0,0,0,1,0,0,0,0,0,0,0,0,1,0,3.085,0,1,0,1,6,1,0,1,0,0,80,0,"+"
"196",0,1,28.25,5.04,0,0,1,0,0,1,0,1,0,0,0,0,0,0,0,0,0,0,0,0,1,0,0,0,0,0,0,0,0,1.5,0,1,0,1,8,0,1,1,0,0,144,7,"+"
"198",0,1,48.17,7.625,0,1,0,1,0,0,0,0,0,0,0,0,0,0,0,0,0,0,1,0,0,0,0,1,0,0,0,0,0,15.5,0,1,0,1,12,1,0,1,0,0,0,790,"+"
"200",0,1,22.58,10.04,0,1,0,1,0,0,0,0,0,0,0,0,0,0,0,0,0,0,0,1,0,0,0,0,0,0,0,1,0,0.04,0,1,0,1,9,1,0,1,0,0,60,396,"+"
"201",1,0,24.08,0.5,0,1,0,1,0,0,0,0,0,0,0,0,0,0,0,0,1,0,0,0,0,0,0,1,0,0,0,0,0,1.25,0,1,0,1,1,1,0,1,0,0,0,678,"+"
"202",1,0,41.33,1,0,1,0,1,0,0,0,0,0,0,0,0,1,0,0,0,0,0,0,0,1,0,0,0,0,0,0,0,0,2.25,0,1,1,0,0,0,1,1,0,0,0,300,"+"
"203",0,1,24.83,2.75,0,1,0,1,0,0,0,1,0,0,0,0,0,0,0,0,0,0,0,0,0,0,0,0,0,0,0,1,0,2.25,0,1,0,1,6,1,0,1,0,0,184.014771048744,600,"+"
"204",1,0,20.75,10.25,0,1,0,1,0,0,0,0,0,0,0,0,0,0,0,0,1,0,0,0,0,0,0,0,0,0,0,1,0,0.71,0,1,0,1,2,0,1,1,0,0,49,0,"+"
"205",0,1,36.33,2.125,0,0,1,0,0,1,0,0,0,0,0,0,0,0,0,0,0,0,1,0,0,0,0,0,0,0,0,1,0,0.085,0,1,0,1,1,1,0,1,0,0,50,1187,"+"
"206",1,0,35.42,12,0,1,0,1,0,0,0,0,0,0,0,0,0,0,0,0,1,0,0,0,0,0,0,1,0,0,0,0,0,14,0,1,0,1,8,1,0,1,0,0,0,6590,"+"
"207",1,0,71.58,0,0,1,0,1,0,0,0,1,0,0,0,0,0,0,0,0,0,0,0,0,0,0,0,0,0,0,0,1,0,0,1,0,1,0,0,1,0,0,1,0,184.014771048744,0,"+"
"208",0,1,28.67,9.335,0,1,0,1,0,0,0,0,0,0,0,0,0,0,0,0,1,0,0,0,0,0,0,1,0,0,0,0,0,5.665,0,1,0,1,6,1,0,1,0,0,381,168,"+"
"210",0,1,39.5,4.25,0,1,0,1,0,0,0,1,0,0,0,0,0,0,0,0,0,0,0,0,1,0,0,0,0,0,0,0,0,6.5,0,1,0,1,16,1,0,1,0,0,117,1210,"+"
"211",0,1,39.33,5.875,0,1,0,1,0,0,0,0,1,0,0,0,0,0,0,0,0,0,0,0,0,0,0,1,0,0,0,0,0,10,0,1,0,1,14,0,1,1,0,0,399,0,"+"
"212",0,1,24.33,6.625,0,0,1,0,0,1,0,0,0,1,0,0,0,0,0,0,0,0,0,0,0,0,0,0,0,0,0,1,0,5.5,0,1,1,0,0,0,1,0,0,1,100,0,"+"
"213",0,1,60.08,14.5,0,1,0,1,0,0,0,0,0,0,0,1,0,0,0,0,0,0,0,0,0,0,1,0,0,0,0,0,0,18,0,1,0,1,15,0,1,1,0,0,0,1000,"+"
"214",0,1,23.08,11.5,0,1,0,1,0,0,0,0,0,0,0,0,1,0,0,0,0,0,0,0,0,0,0,0,0,0,0,1,0,3.5,0,1,0,1,9,1,0,1,0,0,56,742,"+"
"215",0,1,26.67,2.71,0,0,1,0,0,1,0,0,1,0,0,0,0,0,0,0,0,0,0,0,0,0,0,0,0,0,0,1,0,5.25,0,1,0,1,1,1,0,1,0,0,211,0,"+"
"217",0,1,41.17,4.04,0,1,0,1,0,0,0,0,1,0,0,0,0,0,0,0,0,0,0,0,0,0,0,1,0,0,0,0,0,7,0,1,0,1,8,1,0,1,0,0,320,0,"+"
"220",1,0,18.92,9.25,0,0,1,0,0,1,0,1,0,0,0,0,0,0,0,0,0,0,0,0,0,0,0,0,0,0,0,1,0,1,0,1,0,1,4,0,1,1,0,0,80,500,"+"
"221",1,0,50.08,12.54,0,1,0,1,0,0,1,0,0,0,0,0,0,0,0,0,0,0,0,0,0,0,0,0,0,0,0,1,0,2.29,0,1,0,1,3,0,1,1,0,0,156,0,"+"
"222",0,1,65.42,11,0,1,0,1,0,0,0,0,0,0,1,0,0,0,0,0,0,0,0,0,0,0,0,0,0,0,0,0,1,20,0,1,0,1,7,0,1,1,0,0,22,0,"+"
"223",1,0,17.58,9,0,1,0,1,0,0,1,0,0,0,0,0,0,0,0,0,0,0,0,0,0,0,0,0,0,0,0,1,0,1.375,0,1,1,0,0,0,1,1,0,0,0,0,"+"
"225",1,0,37.75,5.5,0,1,0,1,0,0,0,0,0,0,0,0,0,0,0,0,1,0,0,0,0,0,0,0,0,0,0,1,0,0.125,0,1,1,0,0,0,1,1,0,0,228,0,"+"
"226",0,1,23.25,4,0,1,0,1,0,0,0,1,0,0,0,0,0,0,0,0,0,0,0,0,1,0,0,0,0,0,0,0,0,0.25,0,1,1,0,0,0,1,1,0,0,160,0,"+"
"227",0,1,18.08,5.5,0,1,0,1,0,0,0,0,0,0,0,0,0,0,1,0,0,0,0,0,0,0,0,0,0,0,0,1,0,0.5,0,1,1,0,0,1,0,1,0,0,80,0,"+"
"228",1,0,22.5,8.46,0,0,1,0,0,1,0,0,0,0,0,0,0,0,0,0,0,0,0,1,0,0,0,0,0,0,0,1,0,2.46,1,0,1,0,0,1,0,1,0,0,164,0,"+"
"229",0,1,19.67,0.375,0,1,0,1,0,0,0,0,0,0,0,0,0,0,0,0,1,0,0,0,0,0,0,0,0,0,0,1,0,2,0,1,0,1,2,0,1,1,0,0,80,0,"+"
"230",0,1,22.08,11,0,1,0,1,0,0,0,0,1,0,0,0,0,0,0,0,0,0,0,0,0,0,0,0,0,0,0,1,0,0.665,0,1,1,0,0,1,0,1,0,0,100,0,"+"
"231",0,1,25.17,3.5,0,1,0,1,0,0,0,0,1,0,0,0,0,0,0,0,0,0,0,0,0,0,0,0,0,0,0,1,0,0.625,0,1,0,1,7,1,0,1,0,0,0,7059,"+"
"232",1,0,47.42,3,0,1,0,1,0,0,0,0,0,0,0,0,0,0,0,0,0,0,0,1,0,0,0,0,0,0,0,1,0,13.875,0,1,0,1,2,0,1,1,0,0,519,1704,"+"
"233",0,1,33.5,1.75,0,1,0,1,0,0,0,0,0,0,0,0,0,0,0,0,0,0,0,1,0,0,0,1,0,0,0,0,0,4.5,0,1,0,1,4,0,1,1,0,0,253,857,"+"
"234",0,1,27.67,13.75,0,1,0,1,0,0,0,0,0,0,0,0,0,0,0,0,0,0,1,0,0,0,0,0,0,0,0,1,0,5.75,0,1,1,0,0,0,1,1,0,0,487,500,"+"
"235",1,0,58.42,21,0,1,0,1,0,0,0,0,0,0,0,0,1,0,0,0,0,0,0,0,1,0,0,0,0,0,0,0,0,10,0,1,0,1,13,1,0,1,0,0,0,6700,"+"
"236",1,0,20.67,1.835,0,1,0,1,0,0,0,0,0,0,0,0,0,0,0,0,1,0,0,0,0,0,0,0,0,0,0,1,0,2.085,0,1,0,1,5,1,0,1,0,0,220,2503,"+"
"237",0,1,26.17,0.25,0,1,0,1,0,0,0,0,0,0,0,0,1,0,0,0,0,0,0,0,1,0,0,0,0,0,0,0,0,0,0,1,1,0,0,0,1,1,0,0,0,0,"+"
"239",0,1,42.83,4.625,0,1,0,1,0,0,0,0,0,0,0,0,0,0,0,0,1,0,0,0,0,0,0,0,0,0,0,1,0,4.58,0,1,1,0,0,1,0,0,0,1,0,0,"+"
"240",0,1,38.17,10.125,0,1,0,1,0,0,0,0,0,0,0,0,0,0,0,0,0,0,0,1,0,0,0,0,0,0,0,1,0,2.5,0,1,0,1,6,1,0,1,0,0,520,196,"+"
"241",0,1,20.5,10,0,0,1,0,0,1,0,1,0,0,0,0,0,0,0,0,0,0,0,0,0,0,0,0,0,0,0,1,0,2.5,0,1,1,0,0,1,0,0,0,1,40,0,"+"
"242",0,1,48.25,25.085,0,1,0,1,0,0,0,0,0,0,0,0,0,0,0,0,0,0,1,0,0,0,0,0,0,0,0,1,0,1.75,0,1,0,1,3,1,0,1,0,0,120,14,"+"
"243",0,1,28.33,5,0,1,0,1,0,0,0,0,0,0,0,0,0,0,0,0,0,0,1,0,0,0,0,0,0,0,0,1,0,11,0,1,1,0,0,0,1,1,0,0,70,0,"+"
"244",1,0,18.75,7.5,0,1,0,1,0,0,0,0,0,0,0,0,0,0,0,0,1,0,0,0,0,0,0,0,0,0,0,1,0,2.71,0,1,0,1,5,1,0,1,0,0,184.014771048744,26726,"+"
"245",0,1,18.5,2,0,1,0,1,0,0,0,0,0,0,0,0,1,0,0,0,0,0,0,0,0,0,0,0,0,0,0,1,0,1.5,0,1,0,1,2,1,0,1,0,0,120,300,"+"
"246",0,1,33.17,3.04,0,0,1,0,0,1,0,1,0,0,0,0,0,0,0,0,0,0,0,0,0,0,0,1,0,0,0,0,0,2.04,0,1,0,1,1,0,1,1,0,0,180,18027,"+"
"247",0,1,45,8.5,0,1,0,1,0,0,0,0,1,0,0,0,0,0,0,0,0,0,0,0,0,0,0,1,0,0,0,0,0,14,0,1,0,1,1,0,1,1,0,0,88,2000,"+"
"249",0,1,24.5,12.75,0,1,0,1,0,0,0,1,0,0,0,0,0,0,0,0,0,0,0,0,1,0,0,0,0,0,0,0,0,4.75,0,1,0,1,2,1,0,1,0,0,73,444,"+"
"250",0,1,21.83,11,0,1,0,1,0,0,0,0,0,0,0,0,0,0,0,0,0,0,0,1,0,0,0,0,0,0,0,1,0,0.29,0,1,0,1,6,1,0,1,0,0,121,0,"+"
"252",0,1,41.42,5,0,1,0,1,0,0,0,0,0,0,0,0,0,0,0,0,1,0,0,0,0,0,0,1,0,0,0,0,0,5,0,1,0,1,6,0,1,1,0,0,470,0,"+"
"254",0,1,23.17,11.125,0,1,0,1,0,0,0,0,0,0,0,0,0,0,0,0,0,0,0,1,0,0,0,1,0,0,0,0,0,0.46,0,1,0,1,1,1,0,1,0,0,100,0,"+"
"255",0,1,31.5681710914454,0.625,0,1,0,1,0,0,0,0,0,0,0,0,0,0,1,0,0,0,0,0,0,0,0,0,0,0,0,1,0,0.25,1,0,1,0,0,1,0,1,0,0,380,2010,"-"
"256",0,1,18.17,10.25,0,1,0,1,0,0,0,1,0,0,0,0,0,0,0,0,0,0,0,0,0,0,0,1,0,0,0,0,0,1.085,1,0,1,0,0,1,0,1,0,0,320,13,"-"
"257",0,1,20,11.045,0,1,0,1,0,0,0,1,0,0,0,0,0,0,0,0,0,0,0,0,0,0,0,0,0,0,0,1,0,2,1,0,1,0,0,0,1,1,0,0,136,0,"-"
"258",0,1,20,0,0,1,0,1,0,0,0,0,0,1,0,0,0,0,0,0,0,0,0,0,0,0,0,0,0,0,0,1,0,0.5,1,0,1,0,0,1,0,1,0,0,144,0,"-"
"259",1,0,20.75,9.54,0,1,0,1,0,0,0,0,0,0,0,0,1,0,0,0,0,0,0,0,0,0,0,0,0,0,0,1,0,0.04,1,0,1,0,0,1,0,1,0,0,200,1000,"-"
"261",0,1,32.75,2.335,0,1,0,1,0,0,0,0,0,1,0,0,0,0,0,0,0,0,0,0,0,0,0,1,0,0,0,0,0,5.75,1,0,1,0,0,0,1,1,0,0,292,0,"-"
"263",1,0,48.17,1.335,0,1,0,1,0,0,0,0,0,0,0,0,1,0,0,0,0,0,0,0,0,0,0,0,0,0,1,0,0,0.335,1,0,1,0,0,1,0,1,0,0,0,120,"-"
"264",1,0,20.42,10.5,0,0,1,0,0,1,0,0,0,0,0,0,0,0,0,0,0,0,0,1,0,0,0,1,0,0,0,0,0,0,1,0,1,0,0,0,1,1,0,0,154,32,"-"
"265",0,1,50.75,0.585,0,1,0,1,0,0,0,0,0,0,0,1,0,0,0,0,0,0,0,0,0,0,1,0,0,0,0,0,0,0,1,0,1,0,0,1,0,1,0,0,145,0,"-"
"266",0,1,17.08,0.085,0,0,1,0,0,1,0,1,0,0,0,0,0,0,0,0,0,0,0,0,0,0,0,0,0,0,0,1,0,0.04,1,0,1,0,0,1,0,1,0,0,140,722,"-"
"267",0,1,18.33,1.21,0,0,1,0,0,1,0,0,0,0,1,0,0,0,0,0,0,0,0,0,0,1,0,0,0,0,0,0,0,0,1,0,1,0,0,1,0,1,0,0,100,0,"-"
"271",0,1,37.58,0,0,1,0,1,0,0,0,1,0,0,0,0,0,0,0,0,0,0,0,0,0,0,0,0,0,0,0,1,0,0,1,0,1,0,0,1,0,0,1,0,184.014771048744,0,"+"
"272",0,1,32.33,2.5,0,1,0,1,0,0,0,1,0,0,0,0,0,0,0,0,0,0,0,0,0,0,0,0,0,0,0,1,0,1.25,1,0,1,0,0,0,1,1,0,0,280,0,"-"
"273",0,1,18.08,6.75,0,0,1,0,0,1,0,0,0,0,0,0,0,0,0,1,0,0,0,0,0,0,0,0,0,0,0,1,0,0.04,1,0,1,0,0,1,0,1,0,0,140,0,"-"
"274",0,1,38.25,10.125,0,0,1,0,0,1,0,0,0,0,0,0,0,0,1,0,0,0,0,0,0,0,0,0,0,0,0,1,0,0.125,1,0,1,0,0,1,0,1,0,0,160,0,"-"
"275",0,1,30.67,2.5,0,1,0,1,0,0,0,0,1,0,0,0,0,0,0,0,0,0,0,0,0,0,0,1,0,0,0,0,0,2.25,1,0,1,0,0,0,1,0,0,1,340,0,"-"
"276",0,1,18.58,5.71,0,1,0,1,0,0,0,0,0,1,0,0,0,0,0,0,0,0,0,0,0,0,0,0,0,0,0,1,0,0.54,1,0,1,0,0,1,0,1,0,0,120,0,"-"
"277",1,0,19.17,5.415,0,1,0,1,0,0,0,0,0,0,0,0,1,0,0,0,0,0,0,0,0,0,0,1,0,0,0,0,0,0.29,1,0,1,0,0,1,0,1,0,0,80,484,"-"
"278",1,0,18.17,10,0,0,1,0,0,1,0,0,0,0,0,0,0,0,0,0,1,0,0,0,0,0,0,1,0,0,0,0,0,0.165,1,0,1,0,0,1,0,1,0,0,340,0,"-"
"279",0,1,24.58,13.5,0,0,1,0,0,1,0,0,0,0,0,1,0,0,0,0,0,0,0,0,0,0,1,0,0,0,0,0,0,0,1,0,1,0,0,1,0,1,0,0,184.014771048744,0,"-"
"280",0,1,16.25,0.835,0,1,0,1,0,0,0,0,0,0,0,0,0,0,0,1,0,0,0,0,0,0,0,0,0,0,0,1,0,0.085,0,1,1,0,0,1,0,0,0,1,200,0,"-"
"281",0,1,21.17,0.875,0,0,1,0,0,1,0,1,0,0,0,0,0,0,0,0,0,0,0,0,0,0,0,1,0,0,0,0,0,0.25,1,0,1,0,0,1,0,1,0,0,280,204,"-"
"283",0,1,17.67,4.46,0,1,0,1,0,0,0,1,0,0,0,0,0,0,0,0,0,0,0,0,0,0,0,0,0,0,0,1,0,0.25,1,0,1,0,0,1,0,0,0,1,80,0,"-"
"284",1,0,16.5,1.25,0,1,0,1,0,0,0,0,0,0,0,0,0,0,0,0,1,0,0,0,0,0,0,0,0,0,0,1,0,0.25,1,0,0,1,1,1,0,1,0,0,108,98,"-"
"285",0,1,23.25,12.625,0,1,0,1,0,0,0,1,0,0,0,0,0,0,0,0,0,0,0,0,0,0,0,0,0,0,0,1,0,0.125,1,0,0,1,2,1,0,1,0,0,0,5552,"-"
"286",0,1,17.58,10,0,1,0,1,0,0,0,0,0,0,0,0,0,0,0,0,0,0,1,0,0,0,0,1,0,0,0,0,0,0.165,1,0,0,1,1,1,0,1,0,0,120,1,"-"
"288",0,1,29.5,0.58,0,1,0,1,0,0,0,0,0,0,0,0,0,0,0,0,0,0,1,0,0,0,0,0,0,0,0,1,0,0.29,1,0,0,1,1,1,0,1,0,0,340,2803,"-"
"289",0,1,18.83,0.415,0,0,1,0,0,1,0,1,0,0,0,0,0,0,0,0,0,0,0,0,0,0,0,0,0,0,0,1,0,0.165,1,0,0,1,1,1,0,1,0,0,200,1,"-"
"290",1,0,21.75,1.75,0,0,1,0,0,1,0,0,0,0,0,0,0,1,0,0,0,0,0,0,0,0,0,0,1,0,0,0,0,0,1,0,1,0,0,1,0,1,0,0,160,0,"-"
"291",0,1,23,0.75,0,1,0,1,0,0,0,0,0,0,0,0,0,0,0,1,0,0,0,0,0,0,0,0,0,0,0,1,0,0.5,1,0,1,0,0,0,1,0,0,1,320,0,"-"
"293",0,1,25.42,0.54,0,1,0,1,0,0,0,0,0,0,0,0,0,0,0,0,0,0,1,0,0,0,0,0,0,0,0,1,0,0.165,1,0,0,1,1,1,0,1,0,0,272,444,"-"
"294",0,1,35.75,2.415,0,1,0,1,0,0,0,0,0,0,0,0,0,0,0,0,0,0,1,0,0,0,0,0,0,0,0,1,0,0.125,1,0,0,1,2,1,0,1,0,0,220,1,"-"
"297",0,1,69.17,9,0,1,0,1,0,0,0,0,0,0,0,1,0,0,0,0,0,0,0,0,0,0,1,0,0,0,0,0,0,4,1,0,0,1,1,1,0,1,0,0,70,6,"-"
"298",0,1,32.92,2.5,0,1,0,1,0,0,1,0,0,0,0,0,0,0,0,0,0,0,0,0,0,0,0,0,0,0,0,1,0,1.75,1,0,0,1,2,0,1,1,0,0,720,0,"-"
"300",0,1,22.17,12.125,0,1,0,1,0,0,0,1,0,0,0,0,0,0,0,0,0,0,0,0,0,0,0,0,0,0,0,1,0,3.335,1,0,0,1,2,0,1,1,0,0,180,173,"-"
"301",1,0,57.58,2,0,1,0,1,0,0,0,0,0,0,0,1,0,0,0,0,0,0,0,0,0,0,1,0,0,0,0,0,0,6.5,1,0,0,1,1,1,0,1,0,0,0,10,"-"
"302",0,1,18.25,0.165,0,1,0,1,0,0,0,0,0,1,0,0,0,0,0,0,0,0,0,0,0,0,0,0,0,0,0,1,0,0.25,1,0,1,0,0,0,1,0,0,1,280,0,"-"
"304",1,0,15.92,2.875,0,1,0,1,0,0,0,0,0,0,0,0,0,0,0,0,1,0,0,0,0,0,0,0,0,0,0,1,0,0.085,1,0,1,0,0,1,0,1,0,0,120,0,"-"
"307",0,1,23.5,2.75,0,1,0,1,0,0,0,0,0,0,0,1,0,0,0,0,0,0,0,0,0,0,1,0,0,0,0,0,0,4.5,1,0,1,0,0,1,0,1,0,0,160,25,"-"
"308",0,1,18.58,10.29,0,1,0,1,0,0,0,0,0,0,0,1,0,0,0,0,0,0,0,0,0,0,1,0,0,0,0,0,0,0.415,1,0,1,0,0,1,0,1,0,0,80,0,"-"
"309",0,1,27.75,1.29,0,1,0,1,0,0,0,0,0,0,0,0,0,0,1,0,0,0,0,0,0,0,0,1,0,0,0,0,0,0.25,1,0,1,0,0,0,1,0,0,1,140,0,"-"
"311",1,0,24.83,4.5,0,1,0,1,0,0,0,0,0,0,0,0,0,0,0,0,0,0,1,0,0,0,0,0,0,0,0,1,0,1,1,0,1,0,0,0,1,1,0,0,360,6,"-"
"313",1,0,16.33,0.21,0,1,0,1,0,0,1,0,0,0,0,0,0,0,0,0,0,0,0,0,0,0,0,0,0,0,0,1,0,0.125,1,0,1,0,0,1,0,1,0,0,200,1,"-"
"314",1,0,18.58,10,0,1,0,1,0,0,0,0,0,1,0,0,0,0,0,0,0,0,0,0,0,0,0,0,0,0,0,1,0,0.415,1,0,1,0,0,1,0,1,0,0,80,42,"-"
"315",0,1,16.25,0,0,0,1,0,0,1,1,0,0,0,0,0,0,0,0,0,0,0,0,0,0,0,0,0,0,0,0,1,0,0.25,1,0,1,0,0,1,0,1,0,0,60,0,"-"
"316",0,1,23,0.75,0,1,0,1,0,0,0,0,0,0,0,0,0,0,0,1,0,0,0,0,0,0,0,0,0,0,0,1,0,0.5,0,1,1,0,0,0,1,0,0,1,320,0,"-"
"317",0,1,21.17,0.25,0,0,1,0,0,1,0,1,0,0,0,0,0,0,0,0,0,0,0,0,0,0,0,1,0,0,0,0,0,0.25,1,0,1,0,0,1,0,1,0,0,280,204,"-"
"318",0,1,17.5,22,1,0,0,0,1,0,0,0,0,0,0,1,0,0,0,0,0,0,0,0,0,0,0,0,0,0,1,0,0,0,1,0,1,0,0,0,1,0,1,0,450,100000,"+"
"319",0,1,19.17,0,0,0,1,0,0,1,0,0,0,0,0,0,0,0,0,1,0,0,0,0,1,0,0,0,0,0,0,0,0,0,1,0,1,0,0,0,1,0,0,1,500,1,"+"
"320",0,1,36.75,0.125,0,0,1,0,0,1,0,1,0,0,0,0,0,0,0,0,0,0,0,0,0,0,0,0,0,0,0,1,0,1.5,1,0,1,0,0,0,1,1,0,0,232,113,"+"
"321",0,1,21.25,1.5,0,1,0,1,0,0,0,0,0,0,0,0,0,0,0,0,0,0,1,0,0,0,0,0,0,0,0,1,0,1.5,1,0,1,0,0,1,0,1,0,0,150,8,"+"
"322",1,0,18.08,0.375,1,0,0,0,1,0,0,0,1,0,0,0,0,0,0,0,0,0,0,0,0,0,1,0,0,0,0,0,0,10,1,0,1,0,0,0,1,0,0,1,300,0,"+"
"323",1,0,33.67,0.375,0,1,0,1,0,0,0,0,1,0,0,0,0,0,0,0,0,0,0,0,0,0,0,0,0,0,0,1,0,0.375,1,0,1,0,0,1,0,1,0,0,300,44,"+"
"324",0,1,48.58,0.205,0,0,1,0,0,1,0,0,0,0,0,0,0,0,1,0,0,0,0,0,0,0,0,0,0,0,0,1,0,0.25,0,1,0,1,11,1,0,1,0,0,380,2732,"+"
"326",1,0,29.5,1.085,0,0,1,0,0,1,0,0,0,0,0,0,0,0,0,0,0,0,0,1,0,0,0,0,0,0,0,1,0,1,1,0,1,0,0,1,0,1,0,0,280,13,"-"
"327",0,1,30.17,1.085,0,0,1,0,0,1,0,1,0,0,0,0,0,0,0,0,0,0,0,0,0,0,0,0,0,0,0,1,0,0.04,1,0,1,0,0,1,0,1,0,0,170,179,"-"
"328",0,1,40.83,3.5,0,1,0,1,0,0,0,0,0,0,0,0,1,0,0,0,0,0,0,0,1,0,0,0,0,0,0,0,0,0.5,1,0,1,0,0,1,0,0,0,1,1160,0,"-"
"331",0,1,20.42,0,0,1,0,1,0,0,0,1,0,0,0,0,0,0,0,0,0,0,0,0,0,0,0,0,0,0,0,1,0,0,1,0,1,0,0,1,0,0,1,0,184.014771048744,0,"-"
"332",1,0,33.25,2.5,0,0,1,0,0,1,0,1,0,0,0,0,0,0,0,0,0,0,0,0,0,0,0,0,0,0,0,1,0,2.5,1,0,1,0,0,0,1,1,0,0,0,2,"-"
"333",0,1,34.08,2.5,0,1,0,1,0,0,0,1,0,0,0,0,0,0,0,0,0,0,0,0,0,0,0,0,0,0,0,1,0,1,1,0,1,0,0,1,0,1,0,0,460,16,"-"
"334",1,0,25.25,12.5,0,1,0,1,0,0,0,0,0,1,0,0,0,0,0,0,0,0,0,0,0,0,0,0,0,0,0,1,0,1,1,0,1,0,0,0,1,1,0,0,180,1062,"-"
"335",0,1,34.75,2.5,0,1,0,1,0,0,0,0,1,0,0,0,0,0,0,0,0,0,0,0,1,0,0,0,0,0,0,0,0,0.5,1,0,1,0,0,1,0,1,0,0,348,0,"-"
"337",0,1,47.33,6.5,0,1,0,1,0,0,0,1,0,0,0,0,0,0,0,0,0,0,0,0,0,0,0,0,0,0,0,1,0,1,1,0,1,0,0,0,1,1,0,0,0,228,"-"
"339",1,0,33.25,3,0,0,1,0,0,1,1,0,0,0,0,0,0,0,0,0,0,0,0,0,0,0,0,0,0,0,0,1,0,2,1,0,1,0,0,1,0,1,0,0,180,0,"-"
"340",0,1,28,3,0,1,0,1,0,0,0,0,0,0,0,0,0,0,0,0,0,0,1,0,0,0,0,0,0,0,0,1,0,0.75,1,0,1,0,0,0,1,1,0,0,300,67,"-"
"341",1,0,39.08,4,0,1,0,1,0,0,0,1,0,0,0,0,0,0,0,0,0,0,0,0,0,0,0,0,0,0,0,1,0,3,1,0,1,0,0,1,0,1,0,0,480,0,"-"
"342",0,1,42.75,4.085,0,1,0,1,0,0,1,0,0,0,0,0,0,0,0,0,0,0,0,0,0,0,0,0,0,0,0,1,0,0.04,1,0,1,0,0,1,0,1,0,0,108,100,"-"
"343",0,1,26.92,2.25,0,1,0,1,0,0,0,0,0,0,0,0,1,0,0,0,0,0,0,0,1,0,0,0,0,0,0,0,0,0.5,1,0,1,0,0,0,1,1,0,0,640,4000,"-"
"344",0,1,33.75,2.75,0,1,0,1,0,0,0,0,0,0,0,0,1,0,0,0,0,0,0,0,1,0,0,0,0,0,0,0,0,0,1,0,1,0,0,1,0,1,0,0,180,0,"-"
"345",0,1,38.92,1.75,0,1,0,1,0,0,0,0,0,0,0,0,0,0,1,0,0,0,0,0,0,0,0,0,0,0,0,1,0,0.5,1,0,1,0,0,0,1,1,0,0,300,2,"-"
"346",0,1,62.75,7,0,1,0,1,0,0,0,0,0,0,1,0,0,0,0,0,0,0,0,0,0,0,0,0,0,0,0,0,1,0,1,0,1,0,0,1,0,1,0,0,0,12,"-"
"347",0,1,32.25,1.5,0,1,0,1,0,0,0,1,0,0,0,0,0,0,0,0,0,0,0,0,0,0,0,0,0,0,0,1,0,0.25,1,0,1,0,0,0,1,1,0,0,372,122,"-"
"348",0,1,26.75,4.5,0,0,1,0,0,1,0,1,0,0,0,0,0,0,0,0,0,0,0,0,1,0,0,0,0,0,0,0,0,2.5,1,0,1,0,0,1,0,1,0,0,200,1210,"-"
"349",0,1,63.33,0.54,0,1,0,1,0,0,0,1,0,0,0,0,0,0,0,0,0,0,0,0,0,0,0,0,0,0,0,1,0,0.585,0,1,0,1,3,0,1,1,0,0,180,0,"-"
"350",0,1,27.83,1.5,0,1,0,1,0,0,0,0,0,0,0,0,0,0,0,0,0,0,1,0,0,0,0,0,0,0,0,1,0,2.25,1,0,0,1,1,0,1,1,0,0,100,3,"-"
"352",0,1,22.17,0.585,0,0,1,0,0,1,0,0,0,0,0,1,0,0,0,0,0,0,0,0,0,0,1,0,0,0,0,0,0,0,1,0,1,0,0,1,0,1,0,0,100,0,"-"
"354",0,1,30.75,1.585,0,1,0,1,0,0,0,0,0,1,0,0,0,0,0,0,0,0,0,0,0,0,0,0,0,0,0,1,0,0.585,1,0,1,0,0,0,1,0,0,1,0,0,"-"
"355",0,1,36.67,2,0,1,0,1,0,0,0,0,0,0,0,0,1,0,0,0,0,0,0,0,0,0,0,0,0,0,0,1,0,0.25,1,0,1,0,0,0,1,1,0,0,221,0,"-"
"356",1,0,16,0.165,0,1,0,1,0,0,1,0,0,0,0,0,0,0,0,0,0,0,0,0,0,0,0,0,0,0,0,1,0,1,1,0,0,1,2,0,1,1,0,0,320,1,"-"
"358",1,0,19.5,0.165,0,1,0,1,0,0,0,0,0,0,0,0,0,0,0,0,1,0,0,0,0,0,0,0,0,0,0,1,0,0.04,1,0,1,0,0,0,1,1,0,0,380,0,"-"
"359",0,1,32.42,3,0,1,0,1,0,0,0,0,0,1,0,0,0,0,0,0,0,0,0,0,0,0,0,0,0,0,0,1,0,0.165,1,0,1,0,0,0,1,1,0,0,120,0,"-"
"360",1,0,36.75,4.71,0,1,0,1,0,0,0,0,0,0,0,1,0,0,0,0,0,0,0,0,0,0,1,0,0,0,0,0,0,0,1,0,1,0,0,1,0,1,0,0,160,0,"-"
"361",1,0,30.25,5.5,0,1,0,1,0,0,0,0,0,0,0,0,0,0,1,0,0,0,0,0,0,0,0,0,0,0,0,1,0,5.5,1,0,1,0,0,0,1,0,0,1,100,0,"-"
"362",0,1,23.08,2.5,0,1,0,1,0,0,0,0,0,0,0,1,0,0,0,0,0,0,0,0,0,0,1,0,0,0,0,0,0,0.085,1,0,1,0,0,0,1,1,0,0,100,4208,"-"
"363",0,1,26.83,0.54,0,1,0,1,0,0,0,0,0,0,0,0,0,0,1,0,0,0,0,0,0,0,1,0,0,0,0,0,0,0,1,0,1,0,0,1,0,1,0,0,100,0,"-"
"365",0,1,24.42,2,0,1,0,1,0,0,0,0,0,0,1,0,0,0,0,0,0,0,0,0,0,1,0,0,0,0,0,0,0,0.165,1,0,0,1,2,1,0,1,0,0,320,1300,"-"
"366",0,1,42.83,1.25,0,1,0,1,0,0,0,0,0,0,0,0,0,0,0,1,0,0,0,0,0,0,0,0,0,0,0,1,0,13.875,1,0,0,1,1,0,1,1,0,0,352,112,"-"
"369",1,0,23.58,11.5,0,0,1,0,0,1,0,0,0,0,0,0,0,0,1,0,0,0,0,0,0,0,0,1,0,0,0,0,0,3,1,0,1,0,0,0,1,1,0,0,20,16,"-"
"370",0,1,21.42,0.75,0,0,1,0,0,1,0,0,0,0,0,0,0,0,0,0,0,1,0,0,0,0,0,0,0,1,0,0,0,0.75,1,0,1,0,0,0,1,1,0,0,132,2,"-"
"371",0,1,33,2.5,0,0,1,0,0,1,0,0,0,0,0,0,0,0,0,0,0,0,1,0,0,0,0,0,0,0,0,1,0,7,1,0,1,0,0,0,1,1,0,0,280,0,"-"
"372",0,1,26.33,13,0,1,0,1,0,0,0,0,0,0,1,0,0,0,0,0,0,0,0,0,0,1,0,0,0,0,0,0,0,0,1,0,1,0,0,0,1,1,0,0,140,1110,"-"
"373",1,0,45,4.585,0,1,0,1,0,0,0,0,0,0,0,0,0,0,1,0,0,0,0,0,0,0,0,1,0,0,0,0,0,1,1,0,1,0,0,0,1,0,0,1,240,0,"-"
"374",0,1,26.25,1.54,0,1,0,1,0,0,0,0,0,0,0,0,0,0,0,0,0,0,1,0,0,0,0,0,0,0,0,1,0,0.125,1,0,1,0,0,1,0,1,0,0,100,0,"-"
"375",0,1,28.17,0.585,0,1,0,1,0,0,1,0,0,0,0,0,0,0,0,0,0,0,0,0,0,0,0,0,0,0,0,1,0,0.04,1,0,1,0,0,1,0,1,0,0,260,1004,"-"
"376",1,0,20.83,0.5,0,0,1,0,0,1,0,0,0,0,1,0,0,0,0,0,0,0,0,0,0,1,0,0,0,0,0,0,0,1,1,0,1,0,0,1,0,1,0,0,260,0,"-"
"377",0,1,28.67,14.5,0,1,0,1,0,0,0,0,0,1,0,0,0,0,0,0,0,0,0,0,0,0,0,0,0,0,0,1,0,0.125,1,0,1,0,0,1,0,1,0,0,0,286,"-"
"378",0,1,20.67,0.835,0,0,1,0,0,1,0,1,0,0,0,0,0,0,0,0,0,0,0,0,0,0,0,0,0,0,0,1,0,2,1,0,1,0,0,0,1,0,0,1,240,0,"-"
"379",0,1,34.42,1.335,0,1,0,1,0,0,0,0,0,0,0,0,1,0,0,0,0,0,0,0,1,0,0,0,0,0,0,0,0,0.125,1,0,1,0,0,0,1,1,0,0,440,4500,"-"
"380",0,1,33.58,0.25,0,1,0,1,0,0,0,0,0,0,0,0,1,0,0,0,0,0,0,0,1,0,0,0,0,0,0,0,0,4,1,0,1,0,0,0,1,0,0,1,420,0,"-"
"381",0,1,43.17,5,0,1,0,1,0,0,0,0,0,0,0,0,1,0,0,0,0,0,0,0,1,0,0,0,0,0,0,0,0,2.25,1,0,1,0,0,0,1,1,0,0,141,0,"-"
"382",1,0,22.67,7,0,1,0,1,0,0,0,1,0,0,0,0,0,0,0,0,0,0,0,0,0,0,0,0,0,0,0,1,0,0.165,1,0,1,0,0,1,0,1,0,0,160,0,"-"
"383",1,0,24.33,2.5,0,0,1,0,0,1,0,0,0,0,0,0,1,0,0,0,0,0,0,0,1,0,0,0,0,0,0,0,0,4.5,1,0,1,0,0,1,0,1,0,0,200,456,"-"
"384",1,0,56.83,4.25,0,0,1,0,0,1,0,0,0,0,0,1,0,0,0,0,0,0,0,0,0,0,1,0,0,0,0,0,0,5,1,0,1,0,0,0,1,1,0,0,0,4,"-"
"385",0,1,22.08,11.46,0,1,0,1,0,0,0,0,0,0,0,0,0,0,1,0,0,0,0,0,0,0,0,0,0,0,0,1,0,1.585,1,0,1,0,0,0,1,1,0,0,100,1212,"-"
"387",0,1,22.58,1.5,0,0,1,0,0,1,1,0,0,0,0,0,0,0,0,0,0,0,0,0,0,0,0,0,0,0,0,1,0,0.54,1,0,1,0,0,0,1,1,0,0,120,67,"-"
"388",0,1,21.17,0,0,1,0,1,0,0,0,1,0,0,0,0,0,0,0,0,0,0,0,0,0,0,0,0,0,0,0,1,0,0.5,1,0,1,0,0,0,1,0,0,1,0,0,"-"
"389",0,1,26.67,14.585,0,1,0,1,0,0,0,0,0,0,0,0,1,0,0,0,0,0,0,0,1,0,0,0,0,0,0,0,0,0,1,0,1,0,0,0,1,1,0,0,178,0,"-"
"390",0,1,22.92,0.17,0,1,0,1,0,0,0,0,0,0,0,0,0,0,0,1,0,0,0,0,0,0,0,0,0,0,0,1,0,0.085,1,0,1,0,0,1,0,0,0,1,0,0,"-"
"391",0,1,15.17,7,0,1,0,1,0,0,0,0,0,0,1,0,0,0,0,0,0,0,0,0,0,0,0,0,0,0,0,1,0,1,1,0,1,0,0,1,0,1,0,0,600,0,"-"
"392",0,1,39.92,5,0,1,0,1,0,0,0,0,0,0,0,0,1,0,0,0,0,0,0,0,1,0,0,0,0,0,0,0,0,0.21,1,0,1,0,0,1,0,1,0,0,550,0,"-"
"394",0,1,24.75,0.54,0,1,0,1,0,0,0,0,0,0,0,0,0,0,0,1,0,0,0,0,0,0,0,0,0,0,0,1,0,1,1,0,1,0,0,0,1,1,0,0,120,1,"-"
"395",0,1,41.17,1.25,0,0,1,0,0,1,0,0,0,0,0,0,0,0,0,0,0,0,1,0,0,0,0,0,0,0,0,1,0,0.25,1,0,1,0,0,1,0,1,0,0,0,195,"-"
"396",1,0,33.08,1.625,0,1,0,1,0,0,0,0,0,1,0,0,0,0,0,0,0,0,0,0,0,0,0,0,0,0,0,1,0,0.54,1,0,1,0,0,0,1,1,0,0,0,0,"-"
"397",0,1,29.83,2.04,0,0,1,0,0,1,0,0,0,0,0,0,0,0,0,0,0,0,0,1,0,0,0,1,0,0,0,0,0,0.04,1,0,1,0,0,1,0,1,0,0,128,1,"-"
"398",1,0,23.58,0.585,0,0,1,0,0,1,0,0,0,0,0,1,0,0,0,0,0,0,0,0,0,0,1,0,0,0,0,0,0,0.125,1,0,1,0,0,1,0,1,0,0,120,87,"-"
"399",0,1,26.17,12.5,0,0,1,0,0,1,0,0,0,0,0,0,0,0,1,0,0,0,0,0,0,0,0,1,0,0,0,0,0,1.25,1,0,1,0,0,0,1,1,0,0,0,17,"-"
"400",0,1,31,2.085,0,1,0,1,0,0,0,1,0,0,0,0,0,0,0,0,0,0,0,0,0,0,0,0,0,0,0,1,0,0.085,1,0,1,0,0,1,0,1,0,0,300,0,"-"
"401",0,1,20.75,5.085,0,0,1,0,0,1,0,0,0,0,0,0,0,1,0,0,0,0,0,0,0,0,0,0,0,0,0,1,0,0.29,1,0,1,0,0,1,0,1,0,0,140,184,"-"
"402",0,1,28.92,0.375,0,1,0,1,0,0,0,1,0,0,0,0,0,0,0,0,0,0,0,0,0,0,0,0,0,0,0,1,0,0.29,1,0,1,0,0,1,0,1,0,0,220,140,"-"
"403",1,0,51.92,6.5,0,1,0,1,0,0,0,0,0,0,0,0,1,0,0,0,0,0,0,0,1,0,0,0,0,0,0,0,0,3.085,1,0,1,0,0,0,1,1,0,0,73,0,"-"
"404",1,0,22.67,0.335,0,1,0,1,0,0,0,0,0,0,0,0,0,0,0,0,1,0,0,0,0,0,0,0,0,0,0,1,0,0.75,1,0,1,0,0,1,0,0,0,1,160,0,"-"
"405",0,1,34,5.085,0,0,1,0,0,1,0,0,0,0,0,0,1,0,0,0,0,0,0,0,1,0,0,0,0,0,0,0,0,1.085,1,0,1,0,0,0,1,1,0,0,480,0,"-"
"406",1,0,69.5,6,0,1,0,1,0,0,0,0,0,0,0,1,0,0,0,0,0,0,0,0,0,0,1,0,0,0,0,0,0,0,1,0,1,0,0,1,0,0,0,1,0,0,"-"
"408",1,0,19.58,0.665,0,0,1,0,0,1,0,1,0,0,0,0,0,0,0,0,0,0,0,0,0,0,0,0,0,0,0,1,0,1,1,0,0,1,1,1,0,1,0,0,2000,2,"-"
"409",0,1,16,3.125,0,1,0,1,0,0,0,0,0,0,0,0,0,0,0,0,0,0,1,0,0,0,0,0,0,0,0,1,0,0.085,1,0,0,1,1,1,0,1,0,0,0,6,"-"
"410",0,1,17.08,0.25,0,1,0,1,0,0,0,0,0,0,0,0,0,0,0,0,1,0,0,0,0,0,0,0,0,0,0,1,0,0.335,1,0,0,1,4,1,0,1,0,0,160,8,"-"
"411",0,1,31.25,2.835,0,1,0,1,0,0,0,0,0,0,0,1,0,0,0,0,0,0,0,0,0,0,1,0,0,0,0,0,0,0,1,0,0,1,5,1,0,1,0,0,176,146,"-"
"412",0,1,25.17,3,0,1,0,1,0,0,0,1,0,0,0,0,0,0,0,0,0,0,0,0,0,0,0,0,0,0,0,1,0,1.25,1,0,0,1,1,1,0,1,0,0,0,22,"-"
"413",1,0,22.67,0.79,0,1,0,1,0,0,0,0,0,0,0,0,1,0,0,0,0,0,0,0,0,0,0,0,0,0,0,1,0,0.085,1,0,1,0,0,1,0,1,0,0,144,0,"-"
"414",0,1,40.58,1.5,0,1,0,1,0,0,0,0,0,0,0,0,1,0,0,0,0,0,0,0,1,0,0,0,0,0,0,0,0,0,1,0,1,0,0,1,0,0,0,1,300,0,"-"
"416",1,0,22.25,1.25,0,0,1,0,0,1,0,0,0,0,0,1,0,0,0,0,0,0,0,0,0,0,1,0,0,0,0,0,0,3.25,1,0,1,0,0,1,0,1,0,0,280,0,"-"
"417",0,1,22.5,0.125,0,0,1,0,0,1,0,0,0,0,0,0,0,0,1,0,0,0,0,0,0,0,0,0,0,0,0,1,0,0.125,1,0,1,0,0,1,0,1,0,0,200,70,"-"
"418",0,1,23.58,1.79,0,1,0,1,0,0,0,1,0,0,0,0,0,0,0,0,0,0,0,0,0,0,0,0,0,0,0,1,0,0.54,1,0,1,0,0,0,1,1,0,0,136,1,"-"
"419",0,1,38.42,0.705,0,1,0,1,0,0,0,1,0,0,0,0,0,0,0,0,0,0,0,0,0,0,0,0,0,0,0,1,0,0.375,1,0,0,1,2,1,0,1,0,0,225,500,"-"
"420",1,0,26.58,2.54,0,0,1,0,0,1,0,0,0,0,0,1,0,0,0,0,0,0,0,0,0,0,1,0,0,0,0,0,0,0,1,0,1,0,0,0,1,1,0,0,180,60,"-"
"421",0,1,35,2.5,0,1,0,1,0,0,0,0,0,0,0,0,1,0,0,0,0,0,0,0,0,0,0,0,0,0,0,1,0,1,1,0,1,0,0,0,1,1,0,0,210,0,"-"
"423",0,1,29.42,1.25,0,1,0,1,0,0,0,0,0,0,0,0,0,0,0,0,0,0,1,0,0,0,0,0,0,0,0,1,0,1.75,1,0,1,0,0,1,0,1,0,0,200,0,"-"
"424",0,1,26.17,0.835,0,1,0,1,0,0,0,0,1,0,0,0,0,0,0,0,0,0,0,0,0,0,0,0,0,0,0,1,0,1.165,1,0,1,0,0,1,0,1,0,0,100,0,"-"
"426",0,1,24.58,1.25,0,1,0,1,0,0,0,1,0,0,0,0,0,0,0,0,0,0,0,0,0,0,0,0,0,0,0,1,0,0.25,1,0,1,0,0,1,0,1,0,0,110,0,"-"
"427",1,0,27.67,2.04,0,1,0,1,0,0,0,0,0,0,0,0,0,0,0,0,0,0,1,0,0,0,0,0,0,0,0,1,0,0.25,1,0,1,0,0,0,1,1,0,0,180,50,"-"
"428",0,1,37.5,0.835,0,1,0,1,0,0,0,0,0,0,1,0,0,0,0,0,0,0,0,0,0,0,0,0,0,0,0,1,0,0.04,1,0,1,0,0,1,0,1,0,0,120,5,"-"
"429",0,1,49.17,2.29,0,1,0,1,0,0,0,0,0,0,0,1,0,0,0,0,0,0,0,0,0,0,1,0,0,0,0,0,0,0.29,1,0,1,0,0,1,0,1,0,0,200,3,"-"
"430",0,1,33.58,0.335,0,0,1,0,0,1,0,0,1,0,0,0,0,0,0,0,0,0,0,0,0,0,0,0,0,0,0,1,0,0.085,1,0,1,0,0,1,0,1,0,0,180,0,"-"
"432",0,1,22.92,3.165,0,0,1,0,0,1,0,1,0,0,0,0,0,0,0,0,0,0,0,0,0,0,0,0,0,0,0,1,0,0.165,1,0,1,0,0,1,0,1,0,0,160,1058,"-"
"433",0,1,21.83,1.54,0,1,0,1,0,0,0,0,0,0,0,0,0,0,1,0,0,0,0,0,0,0,0,0,0,0,0,1,0,0.085,1,0,1,0,0,0,1,1,0,0,356,0,"-"
"434",0,1,25.25,1,0,1,0,1,0,0,1,0,0,0,0,0,0,0,0,0,0,0,0,0,0,0,0,0,0,0,0,1,0,0.5,1,0,1,0,0,1,0,1,0,0,200,0,"-"
"436",0,1,19,0,0,0,1,0,0,1,0,0,0,0,0,1,0,0,0,0,0,0,0,0,0,0,1,0,0,0,0,0,0,0,1,0,0,1,4,1,0,1,0,0,45,1,"-"
"437",0,1,19.58,0.585,0,1,0,1,0,0,0,0,0,0,0,1,0,0,0,0,0,0,0,0,0,0,1,0,0,0,0,0,0,0,1,0,0,1,3,1,0,1,0,0,350,769,"-"
"438",1,0,53.33,0.165,0,1,0,1,0,0,0,0,0,0,0,1,0,0,0,0,0,0,0,0,0,0,1,0,0,0,0,0,0,0,1,0,1,0,0,0,1,0,0,1,62,27,"-"
"439",1,0,27.17,1.25,0,1,0,1,0,0,0,0,0,0,0,1,0,0,0,0,0,0,0,0,0,0,1,0,0,0,0,0,0,0,1,0,0,1,1,1,0,1,0,0,92,300,"-"
"440",0,1,25.92,0.875,0,1,0,1,0,0,0,0,0,0,0,0,0,0,1,0,0,0,0,0,0,0,0,0,0,0,0,1,0,0.375,1,0,0,1,2,0,1,1,0,0,174,3,"-"
"441",0,1,23.08,0,0,1,0,1,0,0,0,0,0,0,0,0,0,0,1,0,0,0,0,0,0,0,0,0,0,0,0,1,0,1,1,0,0,1,11,1,0,0,0,1,0,0,"-"
"442",0,1,39.58,5,0,1,0,1,0,0,0,0,0,0,0,1,0,0,0,0,0,0,0,0,0,0,1,0,0,0,0,0,0,0,1,0,0,1,2,1,0,1,0,0,17,1,"-"
"443",0,1,30.58,2.71,0,0,1,0,0,1,0,0,0,0,0,0,0,0,0,1,0,0,0,0,0,0,0,0,0,0,0,1,0,0.125,1,0,1,0,0,0,1,0,0,1,80,0,"-"
"444",0,1,17.25,3,0,1,0,1,0,0,0,0,0,0,0,0,0,0,1,0,0,0,0,0,0,0,0,0,0,0,0,1,0,0.04,1,0,1,0,0,0,1,1,0,0,160,40,"-"
"445",1,0,17.67,0,0,0,1,0,0,1,0,0,0,0,0,0,0,1,0,0,0,0,0,0,0,0,1,0,0,0,0,0,0,0,1,0,1,0,0,1,0,1,0,0,86,0,"-"
"446",1,0,31.5681710914454,11.25,0,1,0,1,0,0,0,0,0,0,0,1,0,0,0,0,0,0,0,0,0,0,1,0,0,0,0,0,0,0,1,0,1,0,0,1,0,1,0,0,184.014771048744,5200,"-"
"448",1,0,27.33,1.665,0,1,0,1,0,0,0,0,0,0,0,1,0,0,0,0,0,0,0,0,0,0,1,0,0,0,0,0,0,0,1,0,1,0,0,1,0,1,0,0,340,1,"-"
"449",0,1,31.25,1.125,0,1,0,1,0,0,0,0,0,0,0,1,0,0,0,0,0,0,0,0,0,0,1,0,0,0,0,0,0,0,1,0,0,1,1,1,0,1,0,0,96,19,"-"
"451",0,1,31.5681710914454,3,0,0,1,0,0,1,0,0,0,0,0,0,1,0,0,0,0,0,0,0,1,0,0,0,0,0,0,0,0,7,1,0,1,0,0,1,0,1,0,0,0,1,"-"
"452",0,1,39.5,1.625,0,1,0,1,0,0,0,1,0,0,0,0,0,0,0,0,0,0,0,0,0,0,0,0,0,0,0,1,0,1.5,1,0,1,0,0,1,0,1,0,0,0,316,"-"
"453",0,1,36.5,4.25,0,1,0,1,0,0,0,0,0,0,0,0,0,0,0,0,1,0,0,0,0,0,0,0,0,0,0,1,0,3.5,1,0,1,0,0,1,0,1,0,0,454,50,"-"
"455",0,1,52.42,1.5,0,1,0,1,0,0,0,0,0,1,0,0,0,0,0,0,0,0,0,0,0,0,0,0,0,0,0,1,0,3.75,1,0,1,0,0,0,1,1,0,0,0,350,"-"
"456",0,1,36.17,18.125,0,1,0,1,0,0,0,0,0,0,0,0,0,0,0,0,0,0,1,0,0,0,0,0,0,0,0,1,0,0.085,1,0,1,0,0,1,0,1,0,0,320,3552,"-"
"457",0,1,34.58,0,0,1,0,1,0,0,0,1,0,0,0,0,0,0,0,0,0,0,0,0,0,0,0,0,0,0,0,1,0,0,1,0,1,0,0,1,0,0,1,0,184.014771048744,0,"-"
"458",0,1,29.67,0.75,0,0,1,0,0,1,0,1,0,0,0,0,0,0,0,0,0,0,0,0,0,0,0,0,0,0,0,1,0,0.04,1,0,1,0,0,1,0,1,0,0,240,0,"-"
"459",0,1,36.17,5.5,0,1,0,1,0,0,0,0,0,0,0,0,1,0,0,0,0,0,0,0,1,0,0,0,0,0,0,0,0,5,1,0,1,0,0,1,0,1,0,0,210,687,"-"
"460",0,1,25.67,0.29,0,0,1,0,0,1,0,1,0,0,0,0,0,0,0,0,0,0,0,0,0,0,0,0,0,0,0,1,0,1.5,1,0,1,0,0,0,1,1,0,0,160,0,"-"
"461",1,0,24.5,2.415,0,0,1,0,0,1,0,1,0,0,0,0,0,0,0,0,0,0,0,0,0,0,0,0,0,0,0,1,0,0,1,0,1,0,0,1,0,1,0,0,120,0,"-"
"462",0,1,24.08,0.875,0,1,0,1,0,0,0,0,0,0,0,0,0,0,0,1,0,0,0,0,0,0,0,0,0,0,0,1,0,0.085,1,0,0,1,4,1,0,1,0,0,254,1950,"-"
"463",0,1,21.92,0.5,0,1,0,1,0,0,0,1,0,0,0,0,0,0,0,0,0,0,0,0,0,0,0,0,0,0,0,1,0,0.125,1,0,1,0,0,1,0,1,0,0,360,0,"-"
"464",1,0,36.58,0.29,0,1,0,1,0,0,0,0,0,0,0,1,0,0,0,0,0,0,0,0,0,0,1,0,0,0,0,0,0,0,1,0,0,1,10,1,0,1,0,0,200,18,"-"
"465",1,0,23,1.835,0,1,0,1,0,0,0,0,0,0,0,0,0,1,0,0,0,0,0,0,0,0,0,0,1,0,0,0,0,0,1,0,0,1,1,1,0,1,0,0,200,53,"-"
"466",1,0,27.58,3,0,1,0,1,0,0,0,0,0,0,0,0,0,0,0,1,0,0,0,0,0,0,0,0,0,0,0,1,0,2.79,1,0,0,1,1,0,1,1,0,0,280,10,"-"
"467",0,1,31.08,3.085,0,1,0,1,0,0,0,1,0,0,0,0,0,0,0,0,0,0,0,0,0,0,0,0,0,0,0,1,0,2.5,1,0,0,1,2,0,1,1,0,0,160,41,"-"
"468",1,0,30.42,1.375,0,1,0,1,0,0,0,0,0,0,0,0,0,0,0,0,0,0,1,0,0,0,0,1,0,0,0,0,0,0.04,1,0,0,1,3,1,0,1,0,0,0,33,"-"
"469",0,1,22.08,2.335,0,1,0,1,0,0,0,0,0,0,0,0,0,0,1,0,0,0,0,0,0,0,0,0,0,0,0,1,0,0.75,1,0,1,0,0,1,0,1,0,0,180,0,"-"
"470",0,1,16.33,4.085,0,1,0,1,0,0,0,0,0,0,0,0,1,0,0,0,0,0,0,0,0,0,0,1,0,0,0,0,0,0.415,1,0,1,0,0,0,1,1,0,0,120,0,"-"
"471",1,0,21.92,11.665,0,1,0,1,0,0,0,0,0,0,0,0,0,0,1,0,0,0,0,0,0,0,0,1,0,0,0,0,0,0.085,1,0,1,0,0,1,0,1,0,0,320,5,"-"
"472",0,1,21.08,4.125,0,0,1,0,0,1,0,0,0,0,0,0,1,0,0,0,0,0,0,0,0,0,0,1,0,0,0,0,0,0.04,1,0,1,0,0,1,0,1,0,0,140,100,"-"
"473",0,1,17.42,6.5,0,1,0,1,0,0,0,0,0,0,0,0,1,0,0,0,0,0,0,0,0,0,0,0,0,0,0,1,0,0.125,1,0,1,0,0,1,0,1,0,0,60,100,"-"
"474",0,1,19.17,4,0,0,1,0,0,1,0,0,0,0,0,0,1,0,0,0,0,0,0,0,0,0,0,0,0,0,0,1,0,1,1,0,1,0,0,0,1,1,0,0,360,1000,"-"
"475",0,1,20.67,0.415,0,1,0,1,0,0,0,1,0,0,0,0,0,0,0,0,0,0,0,0,0,0,0,0,0,0,0,1,0,0.125,1,0,1,0,0,1,0,1,0,0,0,44,"-"
"476",0,1,26.75,2,0,1,0,1,0,0,0,0,0,1,0,0,0,0,0,0,0,0,0,0,0,0,0,0,0,0,0,1,0,0.75,1,0,1,0,0,0,1,1,0,0,80,0,"-"
"478",0,1,39.17,2.5,0,0,1,0,0,1,0,0,0,0,0,0,1,0,0,0,0,0,0,0,0,0,0,1,0,0,0,0,0,10,1,0,1,0,0,0,1,0,0,1,200,0,"-"
"479",0,1,22.75,11.5,0,1,0,1,0,0,0,0,0,0,0,0,1,0,0,0,0,0,0,0,0,0,0,0,0,0,0,1,0,0.415,1,0,1,0,0,1,0,1,0,0,0,0,"-"
"480",0,1,26.5,2.71,0,0,1,0,0,1,0,1,0,0,0,0,0,0,0,0,0,0,0,0,0,0,0,0,0,0,0,1,0,0.085,1,0,1,0,0,1,0,0,0,1,80,0,"-"
"481",1,0,16.92,0.5,0,1,0,1,0,0,0,0,0,0,0,0,1,0,0,0,0,0,0,0,0,0,0,0,0,0,0,1,0,0.165,1,0,0,1,6,0,1,1,0,0,240,35,"-"
"483",1,0,17.33,9.5,0,1,0,1,0,0,1,0,0,0,0,0,0,0,0,0,0,0,0,0,0,0,0,0,0,0,0,1,0,1.75,1,0,0,1,10,0,1,1,0,0,0,10,"-"
"485",0,1,34.67,1.08,0,1,0,1,0,0,0,0,0,0,0,0,0,0,0,1,0,0,0,0,0,0,0,0,0,0,0,1,0,1.165,1,0,1,0,0,1,0,0,0,1,28,0,"-"
"488",0,1,24.5,13.335,0,0,1,0,0,1,1,0,0,0,0,0,0,0,0,0,0,0,0,0,0,0,0,0,0,0,0,1,0,0.04,1,0,1,0,0,0,1,1,0,0,120,475,"-"
"489",0,1,18.83,3.54,0,0,1,0,0,1,0,0,0,0,0,1,0,0,0,0,0,0,0,0,0,0,1,0,0,0,0,0,0,0,1,0,1,0,0,0,1,1,0,0,180,1,"-"
"491",1,0,47.25,0.75,0,1,0,1,0,0,0,0,0,0,0,0,0,0,0,0,1,0,0,0,0,0,0,1,0,0,0,0,0,2.75,0,1,0,1,1,1,0,1,0,0,333,892,"+"
"492",0,1,24.17,0.875,0,1,0,1,0,0,0,0,0,0,0,0,0,0,0,0,1,0,0,0,0,0,0,0,0,0,0,1,0,4.625,0,1,0,1,2,0,1,1,0,0,520,2000,"+"
"493",0,1,39.25,9.5,0,1,0,1,0,0,0,0,0,0,0,0,0,0,0,1,0,0,0,0,0,0,0,0,0,0,0,1,0,6.5,0,1,0,1,14,1,0,1,0,0,240,4607,"+"
"494",1,0,20.5,11.835,0,1,0,1,0,0,0,1,0,0,0,0,0,0,0,0,0,0,0,0,0,0,0,1,0,0,0,0,0,6,0,1,1,0,0,1,0,1,0,0,340,0,"+"
"496",0,1,19.17,9.5,0,1,0,1,0,0,0,0,0,0,0,0,0,0,0,0,0,0,1,0,0,0,0,0,0,0,0,1,0,1.5,0,1,1,0,0,1,0,1,0,0,120,2206,"+"
"499",0,1,25.75,0.5,0,1,0,1,0,0,0,1,0,0,0,0,0,0,0,0,0,0,0,0,0,0,0,0,0,0,0,1,0,1.46,0,1,0,1,5,0,1,1,0,0,312,0,"+"
"500",0,1,20.42,7,0,1,0,1,0,0,0,1,0,0,0,0,0,0,0,0,0,0,0,0,0,0,0,0,0,0,0,1,0,1.625,0,1,0,1,3,1,0,1,0,0,200,1391,"+"
"501",0,1,31.5681710914454,4,0,1,0,1,0,0,0,0,0,0,0,0,0,0,0,0,0,0,0,1,0,0,0,0,0,0,0,1,0,5,0,1,0,1,3,0,1,1,0,0,290,2279,"+"
"502",0,1,39,5,0,1,0,1,0,0,0,0,1,0,0,0,0,0,0,0,0,0,0,0,0,0,0,0,0,0,0,1,0,3.5,0,1,0,1,10,0,1,1,0,0,0,0,"+"
"505",1,0,28.75,3.75,0,1,0,1,0,0,0,1,0,0,0,0,0,0,0,0,0,0,0,0,0,0,0,0,0,0,0,1,0,1.085,0,1,0,1,1,0,1,1,0,0,371,0,"+"
"506",0,1,31.33,19.5,0,1,0,1,0,0,0,1,0,0,0,0,0,0,0,0,0,0,0,0,0,0,0,0,0,0,0,1,0,7,0,1,0,1,16,1,0,1,0,0,0,5000,"+"
"507",1,0,18.92,9,0,1,0,1,0,0,1,0,0,0,0,0,0,0,0,0,0,0,0,0,0,0,0,0,0,0,0,1,0,0.75,0,1,0,1,2,1,0,1,0,0,88,591,"+"
"508",1,0,24.75,3,0,1,0,1,0,0,0,0,0,0,0,0,0,0,0,0,1,0,0,0,0,0,0,1,0,0,0,0,0,1.835,0,1,0,1,19,1,0,1,0,0,0,500,"+"
"509",1,0,30.67,12,0,1,0,1,0,0,0,1,0,0,0,0,0,0,0,0,0,0,0,0,0,0,0,0,0,0,0,1,0,2,0,1,0,1,1,1,0,1,0,0,220,19,"+"
"511",0,1,13.75,4,0,0,1,0,0,1,0,0,0,0,0,0,0,0,0,0,0,0,1,0,0,0,0,0,0,0,0,1,0,1.75,0,1,0,1,2,0,1,1,0,0,120,1000,"+"
"512",1,0,46,4,0,1,0,1,0,0,0,0,0,0,0,0,0,1,0,0,0,0,0,0,0,0,0,0,1,0,0,0,0,0,0,1,1,0,0,1,0,1,0,0,100,960,"+"
"513",1,0,44.33,0,0,1,0,1,0,0,0,1,0,0,0,0,0,0,0,0,0,0,0,0,0,0,0,0,0,0,0,1,0,2.5,0,1,1,0,0,1,0,1,0,0,0,0,"+"
"514",0,1,20.25,9.96,0,1,0,1,0,0,0,0,0,0,1,0,0,0,0,0,0,0,0,0,0,1,0,0,0,0,0,0,0,0,0,1,1,0,0,1,0,1,0,0,0,0,"+"
"516",0,1,31.5681710914454,10.5,0,1,0,1,0,0,0,0,0,0,0,0,0,0,0,0,0,0,0,1,0,0,0,0,0,0,0,1,0,6.5,0,1,1,0,0,1,0,1,0,0,0,0,"+"
"517",1,0,60.92,5,0,1,0,1,0,0,1,0,0,0,0,0,0,0,0,0,0,0,0,0,0,0,0,0,0,0,0,1,0,4,0,1,0,1,4,1,0,1,0,0,0,99,"+"
"519",1,0,28.17,0.375,0,1,0,1,0,0,0,0,0,0,0,0,0,0,0,0,1,0,0,0,0,0,0,0,0,0,0,1,0,0.585,0,1,0,1,4,1,0,1,0,0,80,0,"+"
"520",0,1,39.17,1.71,0,1,0,1,0,0,0,0,0,0,0,0,0,0,0,0,0,0,0,1,0,0,0,0,0,0,0,1,0,0.125,0,1,0,1,5,0,1,1,0,0,480,0,"+"
"521",0,1,20.42,7.5,0,1,0,1,0,0,0,0,0,0,0,0,0,0,1,0,0,0,0,0,0,0,0,0,0,0,0,1,0,1.5,0,1,0,1,1,1,0,1,0,0,160,234,"+"
"522",1,0,30,5.29,0,1,0,1,0,0,0,0,0,0,1,0,0,0,0,0,0,0,0,0,0,1,0,0,0,0,0,0,0,2.25,0,1,0,1,5,0,1,1,0,0,99,500,"+"
"523",0,1,22.83,3,0,1,0,1,0,0,0,0,0,0,0,0,0,0,0,1,0,0,0,0,0,0,0,0,0,0,0,1,0,1.29,0,1,0,1,1,1,0,1,0,0,260,800,"+"
"524",1,0,22.5,8.5,0,1,0,1,0,0,0,0,0,0,0,0,0,0,0,0,1,0,0,0,0,0,0,0,0,0,0,1,0,1.75,0,1,0,1,10,1,0,1,0,0,80,990,"-"
"526",0,1,45.17,1.5,0,1,0,1,0,0,0,1,0,0,0,0,0,0,0,0,0,0,0,0,0,0,0,0,0,0,0,1,0,2.5,0,1,1,0,0,0,1,1,0,0,140,0,"-"
"527",0,1,41.58,1.75,0,1,0,1,0,0,0,0,0,0,0,0,0,0,1,0,0,0,0,0,0,0,0,0,0,0,0,1,0,0.21,0,1,1,0,0,1,0,1,0,0,160,0,"-"
"528",1,0,57.08,0.335,0,1,0,1,0,0,0,0,0,0,0,0,1,0,0,0,0,0,0,0,1,0,0,0,0,0,0,0,0,1,0,1,1,0,0,0,1,1,0,0,252,2197,"-"
"529",1,0,55.75,7.08,0,1,0,1,0,0,0,0,0,0,0,0,0,0,1,0,0,0,0,0,0,0,0,1,0,0,0,0,0,6.75,0,1,0,1,3,0,1,1,0,0,100,50,"-"
"532",1,0,24.58,0.67,0,1,0,1,0,0,1,0,0,0,0,0,0,0,0,0,0,0,0,0,0,0,0,1,0,0,0,0,0,1.75,0,1,1,0,0,1,0,1,0,0,400,0,"-"
"533",0,1,43.17,2.25,0,1,0,1,0,0,0,0,0,0,0,0,1,0,0,0,0,0,0,0,1,0,0,0,0,0,0,0,0,0.75,0,1,1,0,0,1,0,1,0,0,560,0,"-"
"534",0,1,40.92,0.835,0,1,0,1,0,0,0,0,0,0,0,1,0,0,0,0,0,0,0,0,0,0,1,0,0,0,0,0,0,0,0,1,1,0,0,1,0,1,0,0,130,1,"-"
"535",0,1,31.83,2.5,0,1,0,1,0,0,1,0,0,0,0,0,0,0,0,0,0,0,0,0,0,0,0,0,0,0,0,1,0,7.5,0,1,1,0,0,0,1,1,0,0,523,0,"-"
"536",1,0,33.92,1.585,0,0,1,0,0,1,0,0,0,0,0,1,0,0,0,0,0,0,0,0,0,0,1,0,0,0,0,0,0,0,0,1,1,0,0,1,0,1,0,0,320,0,"-"
"537",1,0,24.92,1.25,0,1,0,1,0,0,0,0,0,0,0,1,0,0,0,0,0,0,0,0,0,0,1,0,0,0,0,0,0,0,0,1,1,0,0,1,0,1,0,0,80,0,"-"
"538",0,1,35.25,3.165,0,1,0,1,0,0,0,0,0,0,0,0,0,0,0,0,0,0,0,1,0,0,0,1,0,0,0,0,0,3.75,0,1,1,0,0,0,1,1,0,0,680,0,"-"
"539",0,1,34.25,1.75,0,1,0,1,0,0,0,0,0,0,0,0,0,0,0,0,0,0,1,0,1,0,0,0,0,0,0,0,0,0.25,0,1,1,0,0,0,1,1,0,0,163,0,"-"
"540",0,1,80.25,5.5,0,1,0,1,0,0,0,1,0,0,0,0,0,0,0,0,0,0,0,0,0,0,0,0,0,0,0,1,0,0.54,0,1,1,0,0,1,0,1,0,0,0,340,"-"
"542",0,1,42.75,3,0,1,0,1,0,0,0,0,0,0,0,0,1,0,0,0,0,0,0,0,1,0,0,0,0,0,0,0,0,1,0,1,1,0,0,1,0,1,0,0,0,200,"-"
"543",0,1,19.67,10,0,0,1,0,0,1,0,0,0,0,0,0,0,0,1,0,0,0,0,0,0,0,0,1,0,0,0,0,0,0.835,0,1,1,0,0,0,1,1,0,0,140,0,"-"
"545",0,1,30.08,1.04,0,0,1,0,0,1,0,0,0,0,0,0,1,0,0,0,0,0,0,0,1,0,0,0,0,0,0,0,0,0.5,0,1,0,1,10,0,1,1,0,0,132,28,"-"
"547",0,1,23.58,0.46,0,0,1,0,0,1,0,0,0,0,0,0,0,0,0,0,0,0,1,0,0,0,0,0,0,0,0,1,0,2.625,0,1,0,1,6,0,1,1,0,0,208,347,"-"
"548",0,1,23.92,1.5,0,1,0,1,0,0,0,0,0,1,0,0,0,0,0,0,0,0,0,0,0,0,0,1,0,0,0,0,0,1.875,0,1,0,1,6,1,0,1,0,0,200,327,"+"
"552",0,1,51.33,10,0,1,0,1,0,0,0,0,0,0,0,0,1,0,0,0,0,0,0,0,1,0,0,0,0,0,0,0,0,0,0,1,0,1,11,1,0,1,0,0,0,1249,"+"
"553",0,1,34.75,15,0,1,0,1,0,0,0,0,0,0,0,0,0,0,0,0,0,1,0,0,0,0,0,0,0,1,0,0,0,5.375,0,1,0,1,9,0,1,1,0,0,0,134,"+"
"554",0,1,38.58,3.335,0,1,0,1,0,0,0,0,0,0,0,0,0,0,0,0,0,0,1,0,0,0,0,0,0,0,0,1,0,4,0,1,0,1,14,1,0,1,0,0,383,1344,"+"
"555",1,0,22.42,11.25,0,0,1,0,0,1,0,0,0,0,0,0,0,0,0,0,0,0,0,1,0,0,0,1,0,0,0,0,0,0.75,0,1,0,1,4,1,0,1,0,0,0,321,"+"
"556",0,1,41.92,0.42,0,1,0,1,0,0,0,1,0,0,0,0,0,0,0,0,0,0,0,0,0,0,0,1,0,0,0,0,0,0.21,0,1,0,1,6,1,0,1,0,0,220,948,"+"
"557",0,1,29.58,4.5,0,1,0,1,0,0,0,0,0,0,0,0,0,0,0,0,0,0,1,0,0,0,0,0,0,0,0,1,0,7.5,0,1,0,1,2,0,1,1,0,0,330,0,"+"
"558",1,0,32.17,1.46,0,1,0,1,0,0,0,0,0,0,0,0,0,0,0,0,0,0,1,0,0,0,0,0,0,0,0,1,0,1.085,0,1,0,1,16,1,0,1,0,0,120,2079,"+"
"559",0,1,51.42,0.04,0,1,0,1,0,0,0,0,0,0,0,0,0,0,0,0,0,0,0,1,0,0,0,1,0,0,0,0,0,0.04,0,1,1,0,0,1,0,1,0,0,0,3000,"+"
"561",1,0,25,12.33,0,1,0,1,0,0,0,0,1,0,0,0,0,0,0,0,0,0,0,0,0,0,0,1,0,0,0,0,0,3.5,0,1,0,1,6,1,0,1,0,0,400,458,"+"
"562",0,1,26.75,1.125,0,1,0,1,0,0,0,0,0,0,0,0,0,0,0,0,0,0,0,1,0,0,0,1,0,0,0,0,0,1.25,0,1,1,0,0,1,0,1,0,0,0,5298,"+"
"563",0,1,23.33,1.5,0,1,0,1,0,0,0,1,0,0,0,0,0,0,0,0,0,0,0,0,0,0,0,1,0,0,0,0,0,1.415,0,1,1,0,0,1,0,1,0,0,422,200,"+"
"564",0,1,24.42,12.335,0,1,0,1,0,0,0,0,0,0,0,0,0,0,0,0,1,0,0,0,0,0,0,1,0,0,0,0,0,1.585,0,1,1,0,0,0,1,1,0,0,120,0,"+"
"565",0,1,42.17,5.04,0,1,0,1,0,0,0,0,0,0,0,0,0,0,0,0,1,0,0,0,0,0,0,1,0,0,0,0,0,12.75,0,1,1,0,0,0,1,1,0,0,92,0,"+"
"566",1,0,20.83,3,0,1,0,1,0,0,1,0,0,0,0,0,0,0,0,0,0,0,0,0,0,0,0,0,0,0,0,1,0,0.04,0,1,1,0,0,1,0,1,0,0,100,0,"+"
"567",0,1,23.08,11.5,0,1,0,1,0,0,0,0,0,0,0,0,0,0,0,0,0,0,1,0,0,0,0,1,0,0,0,0,0,2.125,0,1,0,1,11,0,1,1,0,0,290,284,"+"
"569",0,1,43.08,0.375,0,0,1,0,0,1,0,1,0,0,0,0,0,0,0,0,0,0,0,0,0,0,0,0,0,0,0,1,0,0.375,0,1,0,1,8,0,1,1,0,0,300,162,"+"
"570",1,0,35.75,0.915,0,1,0,1,0,0,1,0,0,0,0,0,0,0,0,0,0,0,0,0,0,0,0,0,0,0,0,1,0,0.75,0,1,0,1,4,1,0,1,0,0,0,1583,"+"
"571",0,1,59.5,2.75,0,1,0,1,0,0,0,0,0,0,0,0,0,0,0,0,0,0,1,0,0,0,0,0,0,0,0,1,0,1.75,0,1,0,1,5,0,1,1,0,0,60,58,"+"
"573",0,1,21.92,0.54,0,0,1,0,0,1,0,0,0,0,0,0,0,0,0,0,0,0,0,1,0,0,0,0,0,0,0,1,0,0.04,0,1,0,1,1,0,1,1,0,0,840,59,"+"
"574",1,0,65.17,14,0,1,0,1,0,0,0,0,0,0,0,1,0,0,0,0,0,0,0,0,0,0,1,0,0,0,0,0,0,0,0,1,0,1,11,0,1,1,0,0,0,1400,"+"
"575",1,0,20.33,10,0,1,0,1,0,0,0,1,0,0,0,0,0,0,0,0,0,0,0,0,0,0,0,1,0,0,0,0,0,1,0,1,0,1,4,1,0,1,0,0,50,1465,"+"
"576",0,1,32.25,0.165,0,0,1,0,0,1,0,1,0,0,0,0,0,0,0,0,0,0,0,0,0,0,0,1,0,0,0,0,0,3.25,0,1,0,1,1,0,1,1,0,0,432,8000,"+"
"577",0,1,30.17,0.5,0,1,0,1,0,0,0,1,0,0,0,0,0,0,0,0,0,0,0,0,0,0,0,0,0,0,0,1,0,1.75,0,1,0,1,11,1,0,1,0,0,32,540,"+"
"578",0,1,25.17,6,0,1,0,1,0,0,0,1,0,0,0,0,0,0,0,0,0,0,0,0,0,0,0,0,0,0,0,1,0,1,0,1,0,1,3,1,0,1,0,0,0,0,"+"
"579",0,1,39.17,1.625,0,1,0,1,0,0,0,1,0,0,0,0,0,0,0,0,0,0,0,0,0,0,0,0,0,0,0,1,0,1.5,0,1,0,1,10,1,0,1,0,0,186,4700,"+"
"581",0,1,31.67,0.83,0,1,0,1,0,0,0,0,0,0,0,0,0,0,0,0,0,0,0,1,0,0,0,0,0,0,0,1,0,1.335,0,1,0,1,8,0,1,1,0,0,303,3290,"+"
"582",0,1,41,0.04,0,1,0,1,0,0,0,0,0,0,1,0,0,0,0,0,0,0,0,0,0,0,0,0,0,0,0,1,0,0.04,1,0,0,1,1,1,0,0,0,1,560,0,"+"
"583",0,1,48.5,4.25,0,1,0,1,0,0,0,0,0,0,0,0,0,0,0,1,0,0,0,0,0,0,0,0,0,0,0,1,0,0.125,0,1,1,0,0,0,1,1,0,0,225,0,"+"
"584",0,1,32.67,9,0,0,1,0,0,1,0,0,0,0,0,0,0,0,0,0,0,0,1,0,0,0,0,1,0,0,0,0,0,5.25,0,1,1,0,0,0,1,1,0,0,154,0,"+"
"585",1,0,28.08,15,0,0,1,0,0,1,0,0,0,0,1,0,0,0,0,0,0,0,0,0,0,0,0,0,0,0,0,0,1,0,0,1,1,0,0,1,0,1,0,0,0,13212,"+"
"587",0,1,64.08,20,0,1,0,1,0,0,0,0,0,0,0,0,0,0,0,0,0,0,0,1,0,0,0,1,0,0,0,0,0,17.5,0,1,0,1,9,0,1,1,0,0,0,1000,"+"
"588",0,1,51.58,15,0,1,0,1,0,0,0,1,0,0,0,0,0,0,0,0,0,0,0,0,0,0,0,0,0,0,0,1,0,8.5,0,1,0,1,9,1,0,1,0,0,0,0,"+"
"590",0,1,25.33,0.58,0,1,0,1,0,0,0,1,0,0,0,0,0,0,0,0,0,0,0,0,0,0,0,0,0,0,0,1,0,0.29,0,1,0,1,7,0,1,1,0,0,96,5124,"+"
"591",0,1,30.17,6.5,0,1,0,1,0,0,0,0,1,0,0,0,0,0,0,0,0,0,0,0,0,0,0,0,0,0,0,1,0,3.125,0,1,0,1,8,1,0,1,0,0,330,1200,"+"
"592",0,1,27,0.75,0,1,0,1,0,0,0,1,0,0,0,0,0,0,0,0,0,0,0,0,0,0,0,1,0,0,0,0,0,4.25,0,1,0,1,3,0,1,1,0,0,312,150,"+"
"594",0,1,34.17,5.25,0,1,0,1,0,0,0,0,0,0,0,0,0,0,0,0,0,0,1,0,0,0,0,0,0,0,0,1,0,0.085,1,0,1,0,0,0,1,1,0,0,290,6,"+"
"596",0,1,25.75,0.75,0,1,0,1,0,0,0,1,0,0,0,0,0,0,0,0,0,0,0,0,1,0,0,0,0,0,0,0,0,0.25,0,1,1,0,0,1,0,1,0,0,349,23,"+"
"597",1,0,46.08,3,0,1,0,1,0,0,0,1,0,0,0,0,0,0,0,0,0,0,0,0,0,0,0,0,0,0,0,1,0,2.375,0,1,0,1,8,0,1,1,0,0,396,4159,"+"
"598",1,0,21.5,6,0,1,0,1,0,0,1,0,0,0,0,0,0,0,0,0,0,0,0,0,0,0,0,0,0,0,0,1,0,2.5,0,1,0,1,3,1,0,1,0,0,80,918,"+"
"599",0,1,20.08,0.125,0,1,0,1,0,0,0,0,0,0,0,0,0,0,0,0,1,0,0,0,0,0,0,0,0,0,0,1,0,1,1,0,0,1,1,1,0,1,0,0,240,768,"+"
"600",0,1,20.5,2.415,0,1,0,1,0,0,0,1,0,0,0,0,0,0,0,0,0,0,0,0,0,0,0,0,0,0,0,1,0,2,0,1,0,1,11,0,1,1,0,0,200,3000,"+"
"601",1,0,29.5,0.46,0,1,0,1,0,0,0,0,0,0,0,0,0,0,1,0,0,0,0,0,0,0,0,0,0,0,0,1,0,0.54,0,1,0,1,4,1,0,1,0,0,380,500,"+"
"602",0,1,42.25,1.75,0,0,1,0,0,1,0,1,0,0,0,0,0,0,0,0,0,0,0,0,0,0,0,0,0,0,0,1,0,0,1,0,1,0,0,0,1,1,0,0,150,1,"-"
"604",0,1,20.08,0.25,0,1,0,1,0,0,0,0,0,0,0,0,0,0,0,0,1,0,0,0,0,0,0,0,0,0,0,1,0,0.125,1,0,1,0,0,1,0,1,0,0,200,0,"-"
"605",0,1,23.42,0.585,0,1,0,1,0,0,0,1,0,0,0,0,0,0,0,0,0,0,0,0,0,0,0,1,0,0,0,0,0,0.085,0,1,1,0,0,1,0,1,0,0,180,0,"-"
"608",0,1,32.33,3.5,0,1,0,1,0,0,0,0,0,0,0,0,0,0,1,0,0,0,0,0,0,0,0,0,0,0,0,1,0,0.5,1,0,1,0,0,0,1,1,0,0,232,0,"-"
"609",0,1,31.5681710914454,0.04,0,0,1,0,0,1,0,0,0,1,0,0,0,0,0,0,0,0,0,0,0,0,0,0,0,0,0,1,0,4.25,1,0,1,0,0,0,1,1,0,0,460,0,"-"
"610",0,1,47.83,4.165,0,1,0,1,0,0,0,0,0,0,0,0,0,0,0,0,0,0,0,1,1,0,0,0,0,0,0,0,0,0.085,1,0,1,0,0,0,1,1,0,0,520,0,"-"
"611",0,1,20,1.25,0,0,1,0,0,1,0,0,0,0,0,0,0,0,1,0,0,0,0,0,0,0,0,0,0,0,0,1,0,0.125,1,0,1,0,0,1,0,1,0,0,140,4,"-"
"612",0,1,27.58,3.25,0,0,1,0,0,1,0,0,0,0,0,0,0,0,0,0,1,0,0,0,0,0,0,1,0,0,0,0,0,5.085,1,0,0,1,2,0,1,1,0,0,369,1,"-"
"614",0,1,19.33,10.915,0,1,0,1,0,0,0,1,0,0,0,0,0,0,0,0,0,0,0,0,1,0,0,0,0,0,0,0,0,0.585,1,0,0,1,2,0,1,1,0,0,200,7,"-"
"615",1,0,38.33,4.415,0,1,0,1,0,0,0,1,0,0,0,0,0,0,0,0,0,0,0,0,0,0,0,0,0,0,0,1,0,0.125,1,0,1,0,0,1,0,1,0,0,160,0,"-"
"616",0,1,29.42,1.25,0,1,0,1,0,0,0,1,0,0,0,0,0,0,0,0,0,0,0,0,0,0,0,1,0,0,0,0,0,0.25,1,0,0,1,2,0,1,1,0,0,400,108,"-"
"617",0,1,22.67,0.75,0,1,0,1,0,0,0,0,0,0,0,0,1,0,0,0,0,0,0,0,0,0,0,0,0,0,0,1,0,1.585,1,0,0,1,1,0,1,1,0,0,400,9,"-"
"618",0,1,32.25,14,0,0,1,0,0,1,0,0,0,0,0,1,0,0,0,0,0,0,0,0,0,0,1,0,0,0,0,0,0,0,1,0,0,1,2,1,0,1,0,0,160,1,"-"
"619",0,1,29.58,4.75,0,1,0,1,0,0,0,0,0,0,0,0,0,0,0,1,0,0,0,0,0,0,0,0,0,0,0,1,0,2,1,0,0,1,1,0,1,1,0,0,460,68,"-"
"620",0,1,18.42,10.415,0,0,1,0,0,1,1,0,0,0,0,0,0,0,0,0,0,0,0,0,0,0,0,0,0,0,0,1,0,0.125,0,1,1,0,0,1,0,1,0,0,120,375,"-"
"621",0,1,22.17,2.25,0,1,0,1,0,0,0,0,0,0,0,0,1,0,0,0,0,0,0,0,0,0,0,0,0,0,0,1,0,0.125,1,0,1,0,0,1,0,1,0,0,160,10,"-"
"622",0,1,22.67,0.165,0,1,0,1,0,0,0,1,0,0,0,0,0,0,0,0,0,0,0,0,0,0,0,0,1,0,0,0,0,2.25,1,0,1,0,0,0,1,0,0,1,0,0,"+"
"623",1,0,25.58,0,0,1,0,1,0,0,0,1,0,0,0,0,0,0,0,0,0,0,0,0,0,0,0,0,0,0,0,1,0,0,1,0,1,0,0,1,0,0,1,0,184.014771048744,0,"+"
"625",0,1,21.58,0.79,0,0,1,0,0,1,0,0,1,0,0,0,0,0,0,0,0,0,0,0,0,0,0,0,0,0,0,1,0,0.665,1,0,1,0,0,1,0,1,0,0,160,0,"-"
"626",0,1,23.75,12,0,1,0,1,0,0,0,1,0,0,0,0,0,0,0,0,0,0,0,0,0,0,0,0,0,0,0,1,0,2.085,1,0,1,0,0,1,0,0,0,1,80,0,"-"
"628",0,1,36.08,2.54,0,1,0,1,0,0,0,0,0,0,0,1,0,0,0,0,0,0,0,0,0,0,1,0,0,0,0,0,0,0,1,0,1,0,0,1,0,1,0,0,0,1000,"-"
"629",0,1,29.25,13,0,1,0,1,0,0,0,0,0,1,0,0,0,0,0,0,0,0,0,0,0,0,0,1,0,0,0,0,0,0.5,1,0,1,0,0,1,0,1,0,0,228,0,"-"
"630",1,0,19.58,0.665,0,1,0,1,0,0,0,0,0,0,0,0,0,0,0,0,0,0,1,0,0,0,0,0,0,0,0,1,0,1.665,1,0,1,0,0,1,0,1,0,0,220,5,"-"
"631",1,0,22.92,1.25,0,1,0,1,0,0,0,0,0,0,0,0,0,0,0,0,1,0,0,0,0,0,0,0,0,0,0,1,0,0.25,1,0,1,0,0,0,1,1,0,0,120,809,"-"
"632",1,0,27.25,0.29,0,1,0,1,0,0,0,0,0,0,0,0,0,0,0,1,0,0,0,0,0,0,0,1,0,0,0,0,0,0.125,1,0,0,1,1,0,1,1,0,0,272,108,"-"
"633",1,0,38.75,1.5,0,1,0,1,0,0,0,0,0,0,0,1,0,0,0,0,0,0,0,0,0,0,1,0,0,0,0,0,0,0,1,0,1,0,0,1,0,1,0,0,76,0,"-"
"634",0,1,32.42,2.165,0,0,1,0,0,1,0,0,0,0,0,0,0,0,1,0,0,0,0,0,0,0,1,0,0,0,0,0,0,0,1,0,1,0,0,1,0,1,0,0,120,0,"-"
"635",1,0,23.75,0.71,0,1,0,1,0,0,0,0,0,0,0,0,0,0,0,0,0,0,1,0,0,0,0,0,0,0,0,1,0,0.25,1,0,0,1,1,0,1,1,0,0,240,4,"-"
"637",0,1,40.92,0.5,0,0,1,0,0,1,0,0,0,0,0,0,0,0,0,1,0,0,0,0,0,0,0,0,0,0,0,1,0,0.5,1,0,1,0,0,0,1,1,0,0,130,0,"-"
"638",0,1,19.5,9.585,0,1,0,1,0,0,1,0,0,0,0,0,0,0,0,0,0,0,0,0,0,0,0,0,0,0,0,1,0,0.79,1,0,1,0,0,1,0,1,0,0,80,350,"-"
"639",0,1,28.58,3.625,0,1,0,1,0,0,1,0,0,0,0,0,0,0,0,0,0,0,0,0,0,0,0,0,0,0,0,1,0,0.25,1,0,1,0,0,0,1,1,0,0,100,0,"-"
"640",0,1,35.58,0.75,0,1,0,1,0,0,0,0,0,0,0,0,0,0,1,0,0,0,0,0,0,0,0,0,0,0,0,1,0,1.5,1,0,1,0,0,0,1,1,0,0,231,0,"-"
"641",0,1,34.17,2.75,0,1,0,1,0,0,0,0,0,0,0,0,1,0,0,0,0,0,0,0,1,0,0,0,0,0,0,0,0,2.5,1,0,1,0,0,0,1,1,0,0,232,200,"-"
"642",0,1,33.17,2.25,0,0,1,0,0,1,0,0,1,0,0,0,0,0,0,0,0,0,0,0,0,0,0,0,0,0,0,1,0,3.5,1,0,1,0,0,0,1,1,0,0,200,141,"-"
"643",0,1,31.58,0.75,0,0,1,0,0,1,1,0,0,0,0,0,0,0,0,0,0,0,0,0,0,0,0,0,0,0,0,1,0,3.5,1,0,1,0,0,0,1,1,0,0,320,0,"-"
"644",1,0,52.5,7,0,1,0,1,0,0,1,0,0,0,0,0,0,0,0,0,0,0,0,0,0,0,0,1,0,0,0,0,0,3,1,0,1,0,0,1,0,1,0,0,0,0,"-"
"645",0,1,36.17,0.42,0,0,1,0,0,1,0,0,0,0,0,0,0,0,0,0,0,0,1,0,0,0,0,0,0,0,0,1,0,0.29,1,0,1,0,0,0,1,1,0,0,309,2,"-"
"646",0,1,37.33,2.665,0,1,0,1,0,0,0,0,1,0,0,0,0,0,0,0,0,0,0,0,0,0,0,0,0,0,0,1,0,0.165,1,0,1,0,0,0,1,1,0,0,0,501,"-"
"650",1,0,35.17,3.75,0,1,0,1,0,0,0,0,0,0,0,1,0,0,0,0,0,0,0,0,0,0,1,0,0,0,0,0,0,0,1,0,0,1,6,1,0,1,0,0,0,200,"-"
"651",0,1,48.08,3.75,0,1,0,1,0,0,0,0,0,0,0,0,1,0,0,0,0,0,0,0,1,0,0,0,0,0,0,0,0,1,1,0,1,0,0,1,0,1,0,0,100,2,"-"
"652",1,0,15.83,7.625,0,1,0,1,0,0,0,0,0,0,0,0,0,0,0,0,1,0,0,0,0,0,0,0,0,0,0,1,0,0.125,1,0,0,1,1,0,1,1,0,0,0,160,"-"
"653",1,0,22.5,0.415,0,1,0,1,0,0,0,0,0,0,0,0,1,0,0,0,0,0,0,0,0,0,0,0,0,0,0,1,0,0.335,1,0,1,0,0,0,1,0,0,1,144,0,"-"
"655",1,0,23.58,0.83,0,1,0,1,0,0,0,0,0,0,0,0,0,0,0,0,1,0,0,0,0,0,0,0,0,0,0,1,0,0.415,1,0,0,1,1,0,1,1,0,0,200,11,"-"
"656",1,0,21.08,5,0,0,1,0,0,1,0,0,0,0,0,1,0,0,0,0,0,0,0,0,0,0,1,0,0,0,0,0,0,0,1,0,1,0,0,1,0,1,0,0,0,0,"-"
"657",0,1,25.67,3.25,0,1,0,1,0,0,0,1,0,0,0,0,0,0,0,0,0,0,0,0,0,0,0,1,0,0,0,0,0,2.29,1,0,0,1,1,0,1,1,0,0,416,21,"-"
"659",1,0,15.75,0.375,0,1,0,1,0,0,0,1,0,0,0,0,0,0,0,0,0,0,0,0,0,0,0,0,0,0,0,1,0,1,1,0,1,0,0,1,0,1,0,0,120,18,"-"
"660",1,0,28.58,3.75,0,1,0,1,0,0,0,1,0,0,0,0,0,0,0,0,0,0,0,0,0,0,0,0,0,0,0,1,0,0.25,1,0,0,1,1,0,1,1,0,0,40,154,"-"
"662",0,1,29.83,3.5,0,1,0,1,0,0,0,1,0,0,0,0,0,0,0,0,0,0,0,0,0,0,0,0,0,0,0,1,0,0.165,1,0,1,0,0,1,0,1,0,0,216,0,"-"
"663",1,0,23.5,1.5,0,1,0,1,0,0,0,0,0,0,0,0,0,0,0,0,0,0,1,0,0,0,0,0,0,0,0,1,0,0.875,1,0,1,0,0,0,1,1,0,0,160,0,"-"
"665",0,1,31.08,1.5,0,0,1,0,0,1,0,0,0,0,0,0,0,0,0,0,0,0,1,0,0,0,0,0,0,0,0,1,0,0.04,1,0,1,0,0,1,0,0,0,1,160,0,"-"
"667",1,0,21.75,11.75,0,1,0,1,0,0,0,1,0,0,0,0,0,0,0,0,0,0,0,0,0,0,0,0,0,0,0,1,0,0.25,1,0,1,0,0,0,1,1,0,0,180,0,"-"
"668",1,0,17.92,0.54,0,1,0,1,0,0,0,1,0,0,0,0,0,0,0,0,0,0,0,0,0,0,0,0,0,0,0,1,0,1.75,1,0,0,1,1,0,1,1,0,0,80,5,"-"
"670",0,1,51.83,2.04,0,0,1,0,0,1,0,0,0,0,0,1,0,0,0,0,0,0,0,0,0,0,1,0,0,0,0,0,0,1.5,1,0,1,0,0,1,0,1,0,0,120,1,"-"
"671",0,1,47.17,5.835,0,1,0,1,0,0,0,0,0,0,0,0,0,0,0,0,0,0,1,0,0,0,0,0,0,0,0,1,0,5.5,1,0,1,0,0,1,0,1,0,0,465,150,"-"
"673",1,0,50.25,0.835,0,1,0,1,0,0,1,0,0,0,0,0,0,0,0,0,0,0,0,0,0,0,0,0,0,0,0,1,0,0.5,1,0,1,0,0,0,1,1,0,0,240,117,"-"
"674",0,1,29.5,2,0,0,1,0,0,1,0,0,0,0,1,0,0,0,0,0,0,0,0,0,0,0,0,1,0,0,0,0,0,2,1,0,1,0,0,1,0,1,0,0,256,17,"-"
"675",1,0,37.33,2.5,0,1,0,1,0,0,0,0,0,0,0,0,1,0,0,0,0,0,0,0,0,0,0,1,0,0,0,0,0,0.21,1,0,1,0,0,1,0,1,0,0,260,246,"-"
"676",1,0,41.58,1.04,0,1,0,1,0,0,1,0,0,0,0,0,0,0,0,0,0,0,0,0,0,0,0,0,0,0,0,1,0,0.665,1,0,1,0,0,1,0,1,0,0,240,237,"-"
"677",1,0,30.58,10.665,0,1,0,1,0,0,0,0,0,0,0,0,0,0,0,0,1,0,0,0,0,0,0,1,0,0,0,0,0,0.085,1,0,0,1,12,0,1,1,0,0,129,3,"-"
"678",0,1,19.42,7.25,0,1,0,1,0,0,0,0,0,0,0,0,0,0,0,1,0,0,0,0,0,0,0,0,0,0,0,1,0,0.04,1,0,0,1,1,1,0,1,0,0,100,1,"-"
"679",1,0,17.92,10.21,0,1,0,1,0,0,0,0,0,0,0,1,0,0,0,0,0,0,0,0,0,0,1,0,0,0,0,0,0,0,1,0,1,0,0,1,0,1,0,0,0,50,"-"
"680",1,0,20.08,1.25,0,1,0,1,0,0,0,1,0,0,0,0,0,0,0,0,0,0,0,0,0,0,0,0,0,0,0,1,0,0,1,0,1,0,0,1,0,1,0,0,0,0,"-"
"681",0,1,19.5,0.29,0,1,0,1,0,0,0,0,0,0,0,0,0,0,1,0,0,0,0,0,0,0,0,0,0,0,0,1,0,0.29,1,0,1,0,0,1,0,1,0,0,280,364,"-"
"682",0,1,27.83,1,0,0,1,0,0,1,0,0,0,1,0,0,0,0,0,0,0,0,0,0,0,0,0,1,0,0,0,0,0,3,1,0,1,0,0,1,0,1,0,0,176,537,"-"
"683",0,1,17.08,3.29,0,1,0,1,0,0,0,0,0,0,0,0,1,0,0,0,0,0,0,0,0,0,0,0,0,0,0,1,0,0.335,1,0,1,0,0,0,1,1,0,0,140,2,"-"
"684",0,1,36.42,0.75,0,0,1,0,0,1,0,0,0,1,0,0,0,0,0,0,0,0,0,0,0,0,0,0,0,0,0,1,0,0.585,1,0,1,0,0,1,0,1,0,0,240,3,"-"
"685",0,1,40.58,3.29,0,1,0,1,0,0,0,0,0,0,0,0,0,0,0,1,0,0,0,0,0,0,0,0,0,0,0,1,0,3.5,1,0,1,0,0,0,1,0,0,1,400,0,"-"
"687",1,0,22.67,0.75,0,1,0,1,0,0,0,1,0,0,0,0,0,0,0,0,0,0,0,0,0,0,0,0,0,0,0,1,0,2,1,0,0,1,2,0,1,1,0,0,200,394,"-"
"688",1,0,25.25,13.5,0,0,1,0,0,1,0,0,0,0,0,1,0,0,0,0,0,0,0,0,0,0,1,0,0,0,0,0,0,2,1,0,0,1,1,0,1,1,0,0,200,1,"-"
"689",0,1,17.92,0.205,0,1,0,1,0,0,1,0,0,0,0,0,0,0,0,0,0,0,0,0,0,0,0,0,0,0,0,1,0,0.04,1,0,1,0,0,1,0,1,0,0,280,750,"-"
"690",0,1,35,3.375,0,1,0,1,0,0,0,1,0,0,0,0,0,0,0,0,0,0,0,0,0,0,0,1,0,0,0,0,0,8.29,1,0,1,0,0,0,1,1,0,0,0,0,"-"
